username,post_url,shortcode,image_index,image_url,width,height
workflowspace,https://www.instagram.com/p/DWoOyQjFExI/,DWoOyQjFExI,1,https://instagram.fsgn5-10.fna.fbcdn.net/v/t51.82787-15/659131037_18002649536884245_8379265967043369188_n.jpg?stp=dst-jpg_e35_tt6&_nc_cat=101&_nc_map=urlgen_bucketless&ig_cache_key=Mzg2NjQwNDYzMzMyOTY2ODk0MQ%3D%3D.3-ccb7-5&ccb=7-5&_nc_sid=58cdad&efg=eyJ2ZW5jb2RlX3RhZyI6IkNBUk9VU0VMX0lURU0ueHBpZHMuMTQ0MC5zZHIucmVndWxhcl9waG90by5DMyJ9&_nc_ohc=ccjQ0TvLbOcQ7kNvwEc7pnz&_nc_oc=AdoO-0cBkKVzSq3Vt_A0BFHXB6T7xKCk30jUEe0tZ2-EbjwW9QRaR7__Pot8ryhI0N8&_nc_zt=23&_nc_ht=instagram.fsgn5-10.fna&_nc_gid=KXII6vDFneYHQzp8p2lhog&_nc_ss=7baaf&oh=00_AQNpcktXT25aNBYCwnxa2VJQhjAe6qy-sTWyeYTl-H6Fhg&oe=6ABFC4BD,1440,1801
workflowspace,https://www.instagram.com/p/Dc3FKmlE8Xe/,Dc3FKmlE8Xe,1,https://instagram.fsgn5-10.fna.fbcdn.net/v/t39.30808-6/792252939_1050966101041313_187271775449216619_n.jpg?stp=dst-jpg_e35_tt6&_nc_cat=108&_nc_map=urlgen_bucketless&ig_cache_key=Mzk3ODY3MTUxNDY1NjY4NzU4Mg%3D%3D.3-ccb7-5&ccb=7-5&_nc_sid=58cdad&efg=eyJ2ZW5jb2RlX3RhZyI6IkZFRUQueHBpZHMuMTYzOS5zZHIucmVndWxhcl9waG90by5DMyJ9&_nc_ohc=TsROb7vqCgQQ7kNvwHqE_MT&_nc_oc=AdoDJiMO2Vw85NgmkvGIGhJQOEjCVd60B5cXhvdFmoDNrVN-77_dIjnFXTmYn6AtYsY&_nc_zt=23&_nc_ht=instagram.fsgn5-10.fna&_nc_gid=KXII6vDFneYHQzp8p2lhog&_nc_ss=7baaf&oh=00_AQPoFp03KExFuhEjZj2lpT8JiJDEnCm3IVP9Oq3h73U-8w&oe=6ABFF820,1639,2048
workflowspace,https://www.instagram.com/p/DcztVIxEzLy/,DcztVIxEzLy,1,https://instagram.fsgn5-22.fna.fbcdn.net/v/t39.30808-6/793901297_1049847641153159_8333556041624233763_n.jpg?stp=c0.0.1638.2048a_dst-jpg_e35_s1638x2048_tt6&_nc_cat=100&_nc_map=urlgen_bucketless&ig_cache_key=Mzk3NzcyMjIzMzMwMDk0NzkwNA%3D%3D.3-ccb7-5&ccb=7-5&_nc_sid=58cdad&efg=eyJ2ZW5jb2RlX3RhZyI6IkNBUk9VU0VMX0lURU0ueHBpZHMuMTYzOS5zZHIucmVndWxhcl9waG90by5DMyJ9&_nc_ohc=rPp5rtL9PekQ7kNvwHJBgqd&_nc_oc=AdqtSt_XajB6ZSjL48m8rvayqG8gFLHLhS1Byka4hgWJgUhVk1PF-0jA3vAGeUoWh1c&_nc_zt=23&_nc_ht=instagram.fsgn5-22.fna&_nc_gid=KXII6vDFneYHQzp8p2lhog&_nc_ss=7baaf&oh=00_AQNAD7bNvVQamrslTpK8qnDOlX5xyioFE7yamOJ0CUfQLw&oe=6ABFC8F0,1638,2048
workflowspace,https://www.instagram.com/p/DcxAaPnj10A/,DcxAaPnj10A,1,https://instagram.fsgn5-22.fna.fbcdn.net/v/t39.30808-6/791129862_1047444774726779_5248573466395021929_n.jpg?stp=dst-jpg_e35_tt6&_nc_cat=111&_nc_map=urlgen_bucketless&ig_cache_key=Mzk3Njk2MTc0OTQyMTA4ODAwMA%3D%3D.3-ccb7-5&ccb=7-5&_nc_sid=58cdad&efg=eyJ2ZW5jb2RlX3RhZyI6IkZFRUQueHBpZHMuMTYzOC5zZHIucmVndWxhcl9waG90by5DMyJ9&_nc_ohc=BFWsG4q5GAcQ7kNvwHnQqLW&_nc_oc=AdqayZpj_sKTOkVNLU_dk1af-tyzJMtWOZvXyw16X2bHWldO5RHJlmbuacWtxEIpLgY&_nc_zt=23&_nc_ht=instagram.fsgn5-22.fna&_nc_gid=KXII6vDFneYHQzp8p2lhog&_nc_ss=7baaf&oh=00_AQN90VsGMAnvXDObl0mA9F0EUVMZX7VjG61J-K5Fqebw4g&oe=6ABFD7C9,1638,2048
workflowspace,https://www.instagram.com/p/Dckcil8E09e/,Dckcil8E09e,1,https://instagram.fsgn5-2.fna.fbcdn.net/v/t39.30808-6/786344050_1044882598316330_8457386708628443952_n.jpg?stp=dst-jpg_e35_tt6&_nc_cat=100&_nc_map=urlgen_bucketless&ig_cache_key=Mzk3MzQyNjI5Mzc0ODQ4NTk4Mg%3D%3D.3-ccb7-5&ccb=7-5&_nc_sid=58cdad&efg=eyJ2ZW5jb2RlX3RhZyI6IkZFRUQueHBpZHMuMTYzOC5zZHIucmVndWxhcl9waG90by5DMyJ9&_nc_ohc=Y9NuOW9k1vwQ7kNvwFkZmh1&_nc_oc=Adpjpjq3FPIrI-x7RPP0jZgNwf536ZWsh89dtT15PRdTrGI-EHEiadCTj4xOCt4qwSg&_nc_zt=23&_nc_ht=instagram.fsgn5-2.fna&_nc_gid=KXII6vDFneYHQzp8p2lhog&_nc_ss=7baaf&oh=00_AQNhuoburQ81fAEGE5Xa-dIj4w2Tod3TldEZqRoh-sJwzQ&oe=6ABFD6FE,1638,2048
workflowspace,https://www.instagram.com/p/DcfQHVxE93G/,DcfQHVxE93G,1,https://instagram.fsgn5-9.fna.fbcdn.net/v/t39.30808-6/784251243_1043199248484665_6816651616467916825_n.jpg?stp=dst-jpg_e35_tt6&_nc_cat=108&_nc_map=urlgen_bucketless&ig_cache_key=Mzk3MTk2NDI0MDY2ODEzMDU1OQ%3D%3D.3-ccb7-5&ccb=7-5&_nc_sid=58cdad&efg=eyJ2ZW5jb2RlX3RhZyI6IkNBUk9VU0VMX0lURU0ueHBpZHMuMTYzOC5zZHIucmVndWxhcl9waG90by5DMyJ9&_nc_ohc=UQu46mmB_uAQ7kNvwGjk1DI&_nc_oc=AdrLWSX54oGEO2n72zp4HutOGdAJuLdTOCtni51psIaLCXQ7m0zKxlkfJUpzE2VJTz4&_nc_zt=23&_nc_ht=instagram.fsgn5-9.fna&_nc_gid=KXII6vDFneYHQzp8p2lhog&_nc_ss=7baaf&oh=00_AQPJR0miJt3IRQl3F5T2aV18TqjGiszyc4PVPRHT5v3sbA&oe=6ABFD483,1638,2048
workflowspace,https://www.instagram.com/p/DcfP4mfkwSb/,DcfP4mfkwSb,1,https://instagram.fsgn5-22.fna.fbcdn.net/v/t39.30808-6/787103347_1043197775151479_7989028211496751359_n.jpg?stp=c0.0.1638.2047a_dst-jpg_e35_s1638x2047_tt6&_nc_cat=111&_nc_map=urlgen_bucketless&ig_cache_key=Mzk3MTk2MzIyODA4NzYxNTExNg%3D%3D.3-ccb7-5&ccb=7-5&_nc_sid=58cdad&efg=eyJ2ZW5jb2RlX3RhZyI6IkNBUk9VU0VMX0lURU0ueHBpZHMuMTYzOC5zZHIucmVndWxhcl9waG90by5DMyJ9&_nc_ohc=ffUa0V06AOkQ7kNvwH4Qvwx&_nc_oc=Adp6RgbIbKdoL-uvBsaP0vPEQlg8pg5ap84Y6KrLI0ozneiGO9Ps6LPFFnlBvJHzITo&_nc_zt=23&_nc_ht=instagram.fsgn5-22.fna&_nc_gid=KXII6vDFneYHQzp8p2lhog&_nc_ss=7baaf&oh=00_AQNtSP9gx5mW8vLCbudWr1QHMmadLIi4nz1ESoi1KfRBiA&oe=6ABFEBB5,1638,2047
workflowspace,https://www.instagram.com/p/DcfO0u0k0_r/,DcfO0u0k0_r,1,https://instagram.fsgn5-21.fna.fbcdn.net/v/t39.30808-6/786313761_1043192658485324_606166695191243983_n.jpg?stp=dst-jpg_e35_tt6&_nc_cat=103&_nc_map=urlgen_bucketless&ig_cache_key=Mzk3MTk1ODU5MjcwMjIwNTkzMQ%3D%3D.3-ccb7-5&ccb=7-5&_nc_sid=58cdad&efg=eyJ2ZW5jb2RlX3RhZyI6IkZFRUQueHBpZHMuMTYzOC5zZHIucmVndWxhcl9waG90by5DMyJ9&_nc_ohc=6NC1tq6EGw8Q7kNvwFIsO3_&_nc_oc=AdpY-hxbf7qyDt8OVEdTRUoo0mfEgD2dB7hm7t-MacPA9y0BoZmdZvZOqJUsZh9jUbM&_nc_zt=23&_nc_ht=instagram.fsgn5-21.fna&_nc_gid=KXII6vDFneYHQzp8p2lhog&_nc_ss=7baaf&oh=00_AQM4DrzNIHvGg0q04mtFUEyR36zMhxiW6Y4iwuNuC1Xe7g&oe=6ABFD7C8,1638,2048
workflowspace,https://www.instagram.com/p/DcfOSrhE39V/,DcfOSrhE39V,1,https://instagram.fsgn5-14.fna.fbcdn.net/v/t39.30808-6/786166903_1043188985152358_2740053146440908744_n.jpg?stp=dst-jpg_e35_tt6&_nc_cat=108&_nc_map=urlgen_bucketless&ig_cache_key=Mzk3MTk1NjI1MjY5MTYyNzg2MQ%3D%3D.3-ccb7-5&ccb=7-5&_nc_sid=58cdad&efg=eyJ2ZW5jb2RlX3RhZyI6IkZFRUQueHBpZHMuMTYzOC5zZHIucmVndWxhcl9waG90by5DMyJ9&_nc_ohc=DVffeI3wbOMQ7kNvwFagUg-&_nc_oc=Ado7PjDZGdyTedlZbdsnndb2_RF03I-Qqhd0uFCHy5kKsqjELwg4aitpFonSCMnb0hE&_nc_zt=23&_nc_ht=instagram.fsgn5-14.fna&_nc_gid=KXII6vDFneYHQzp8p2lhog&_nc_ss=7baaf&oh=00_AQMAGGcnJCCEIAZULcodcmI0PGu2QHo1em_o-tkXfB6o4g&oe=6ABFD472,1638,2048
workflowspace,https://www.instagram.com/p/DanP7DJAK8z/,DanP7DJAK8z,1,https://instagram.fsgn5-3.fna.fbcdn.net/v/t39.30808-6/744358108_1004259362378654_6784638827327669359_n.jpg?stp=dst-jpg_e35_tt6&_nc_cat=111&_nc_map=urlgen_bucketless&ig_cache_key=MzkzODE4NjQyNzY3Nzg0NzM0Nw%3D%3D.3-ccb7-5&ccb=7-5&_nc_sid=58cdad&efg=eyJ2ZW5jb2RlX3RhZyI6IkZFRUQueHBpZHMuMTA4MC5zZHIucmVndWxhcl9waG90by5DMyJ9&_nc_ohc=-e42N3xJvdMQ7kNvwFIdVLA&_nc_oc=AdpEYQzhyiCrBtW-1U-DkvJTtFWmbbhTDYTIo9pDdcKp9sY6IHido42pjnepj-xGXNY&_nc_zt=23&_nc_ht=instagram.fsgn5-3.fna&_nc_gid=KXII6vDFneYHQzp8p2lhog&_nc_ss=7baaf&oh=00_AQPU_JUh7y83uAkE55Ge8xs7qU-QBF0mGpcLLUDQVeeWJg&oe=6ABFD24D,1080,1350
workflowspace,https://www.instagram.com/p/Dak2UTGlBiM/,Dak2UTGlBiM,1,https://instagram.fsgn5-1.fna.fbcdn.net/v/t39.30808-6/743034818_1003597899111467_3322406305792065793_n.jpg?stp=dst-jpg_e35_tt6&_nc_cat=100&_nc_map=urlgen_bucketless&ig_cache_key=MzkzNzUxMDg0OTE2MjU2Nzg2Ng%3D%3D.3-ccb7-5&ccb=7-5&_nc_sid=58cdad&efg=eyJ2ZW5jb2RlX3RhZyI6IkNBUk9VU0VMX0lURU0ueHBpZHMuMTA4MC5zZHIucmVndWxhcl9waG90by5DMyJ9&_nc_ohc=wHJlzWNd8i0Q7kNvwGVd9w0&_nc_oc=AdouhlOeGvYJvKoRc-V7XD78t4E7mA-LEQrWU2MX3sk6FxGkCDHZFK01VHgPW6kAO2A&_nc_zt=23&_nc_ht=instagram.fsgn5-1.fna&_nc_gid=KXII6vDFneYHQzp8p2lhog&_nc_ss=7baaf&oh=00_AQPbHTjPaHGMrCywVlyh8XYAygj2bcsJi0SfVegj7bM3EA&oe=6ABFE3BC,1080,1350
workflowspace,https://www.instagram.com/p/DafhgjCoHnM/,DafhgjCoHnM,1,https://instagram.fsgn5-6.fna.fbcdn.net/v/t39.30808-6/741447219_1001791342625456_2693448421126682421_n.jpg?stp=dst-jpg_e35_tt6&_nc_cat=101&_nc_map=urlgen_bucketless&ig_cache_key=MzkzNjAxMTk1MzM4MzcwMzM0Mw%3D%3D.3-ccb7-5&ccb=7-5&_nc_sid=58cdad&efg=eyJ2ZW5jb2RlX3RhZyI6IkNBUk9VU0VMX0lURU0ueHBpZHMuMTA4MC5zZHIucmVndWxhcl9waG90by5DMyJ9&_nc_ohc=6zHURgztB1AQ7kNvwEPPafX&_nc_oc=Adpjtj8euHc4WH1CWOKG36oieHMgZJT7tgybd8AAkG5dWrWIjorV0cAxjytylUxfOyE&_nc_zt=23&_nc_ht=instagram.fsgn5-6.fna&_nc_gid=KXII6vDFneYHQzp8p2lhog&_nc_ss=7baaf&oh=00_AQPxCayyjb1zPnhRlaZEl2rUK1Om_GuNEZHy5pxHDB4jIA&oe=6ABFED5D,1080,1350
workflowspace,https://www.instagram.com/p/DaVOeo4jz40/,DaVOeo4jz40,1,https://instagram.fsgn5-22.fna.fbcdn.net/v/t39.30808-6/739012751_998253226312601_67633652999091719_n.jpg?stp=dst-jpg_e35_tt6&_nc_cat=110&_nc_map=urlgen_bucketless&ig_cache_key=MzkzMzExMzUyNzcxMjAzODQ1Mg%3D%3D.3-ccb7-5&ccb=7-5&_nc_sid=58cdad&efg=eyJ2ZW5jb2RlX3RhZyI6IkZFRUQueHBpZHMuMTA4MC5zZHIucmVndWxhcl9waG90by5DMyJ9&_nc_ohc=2SVTQFCQMsIQ7kNvwEY9cdQ&_nc_oc=AdqMVVBIPBfAfAtOoQtUuJr9ejHE-UOaOVSBsC8mVNoqliyRENYk8HipAmLiNMumXko&_nc_zt=23&_nc_ht=instagram.fsgn5-22.fna&_nc_gid=2fC41upj21LACIVZD3IW9Q&_nc_ss=7baaf&oh=00_AQMgZeFx8NkiA18hHxqtTQbZPIXHXcIDtYg9NJh-i57Ihw&oe=6ABFD727,1080,1350
workflowspace,https://www.instagram.com/p/DaQEvA3ATVr/,DaQEvA3ATVr,1,https://instagram.fsgn5-1.fna.fbcdn.net/v/t39.30808-6/735563348_996574589813798_1201520814296682891_n.jpg?stp=dst-jpg_e35_tt6&_nc_cat=109&_nc_map=urlgen_bucketless&ig_cache_key=MzkzMTY2MzI5NzYxODcyMDEwNw%3D%3D.3-ccb7-5&ccb=7-5&_nc_sid=58cdad&efg=eyJ2ZW5jb2RlX3RhZyI6IkZFRUQueHBpZHMuMTA4MC5zZHIucmVndWxhcl9waG90by5DMyJ9&_nc_ohc=HnWXSbkW4SQQ7kNvwGnXDri&_nc_oc=AdoBvGQvhWmgpaSowcfIl2JbbhdzMStCCgm7IYxB4Ud257mjaEoiAjGzGOL7W-xL00E&_nc_zt=23&_nc_ht=instagram.fsgn5-1.fna&_nc_gid=2fC41upj21LACIVZD3IW9Q&_nc_ss=7baaf&oh=00_AQOzxdXbIH0evs82vHEXQi_DCSVuKFQmcH6JzTtcchkebw&oe=6ABFE7E3,1080,1350
workflowspace,https://www.instagram.com/p/DZNId_2KGZH/,DZNId_2KGZH,1,https://instagram.fsgn5-1.fna.fbcdn.net/v/t51.82787-15/714823246_17892909618526780_4287296922595666357_n.jpg?stp=dst-jpg_e15_tt6&_nc_cat=105&_nc_map=urlgen_bucketless&ig_cache_key=MzkxMjgyMDg5NzA0NjA5NTQzMQ%3D%3D.3-ccb7-5&ccb=7-5&_nc_sid=58cdad&efg=eyJ2ZW5jb2RlX3RhZyI6IkNMSVBTLnhwaWRzLjEwODAuc2RyLnZpZGVvX2RlZmF1bHRfY292ZXJfZnJhbWUuQzMifQ%3D%3D&_nc_ohc=8JQv3RDgNu0Q7kNvwHBnLca&_nc_oc=AdrwF6DQZD1Bcrtw20AzxU4Qfos4bopGy70G7WXa6Y_S1ev1Rplw0W3JTgBxD8WG1qI&_nc_zt=23&_nc_ht=instagram.fsgn5-1.fna&_nc_gid=2fC41upj21LACIVZD3IW9Q&_nc_ss=7baaf&oh=00_AQO-ZSMPbWdXRl4RBvjyH-m8ajApJn5G3qSTrtFwJfr-MA&oe=6ABFF276,1080,1920
workflowspace,https://www.instagram.com/p/DZFZt8Ogr93/,DZFZt8Ogr93,1,https://instagram.fsgn5-8.fna.fbcdn.net/v/t39.30808-6/711630911_971773712293886_3973548821732392398_n.jpg?stp=dst-jpg_e35_tt6&_nc_cat=110&_nc_map=urlgen_bucketless&ig_cache_key=MzkxMDY0NDg5NTI1NzM5MjExNQ%3D%3D.3-ccb7-5&ccb=7-5&_nc_sid=58cdad&efg=eyJ2ZW5jb2RlX3RhZyI6IkNBUk9VU0VMX0lURU0ueHBpZHMuMTA4MC5zZHIucmVndWxhcl9waG90by5DMyJ9&_nc_ohc=MccVUwg2AeoQ7kNvwFXablJ&_nc_oc=Adr5tXSN1dPZqZcoq_TfOA_PhoEzLnH7wezQ_bIGK4bHv3T5cK8QDlJcZi-Iv-7ZEcg&_nc_zt=23&_nc_ht=instagram.fsgn5-8.fna&_nc_gid=2fC41upj21LACIVZD3IW9Q&_nc_ss=7baaf&oh=00_AQMqjXvRbIP_qInlcUynatgSLYCGBmqW3yd00iuic0q-dg&oe=6ABFD666,1080,1350
workflowspace,https://www.instagram.com/p/DZC0-szAMmp/,DZC0-szAMmp,1,https://instagram.fsgn5-21.fna.fbcdn.net/v/t51.82787-15/711406303_18010116818884245_3243246842407217461_n.jpg?stp=dst-jpg_e15_tt6&_nc_cat=101&_nc_map=urlgen_bucketless&ig_cache_key=MzkwOTkyMDMxNzkzMzQxNzU5MQ%3D%3D.3-ccb7-5&ccb=7-5&_nc_sid=58cdad&efg=eyJ2ZW5jb2RlX3RhZyI6IkNBUk9VU0VMX0lURU0ueHBpZHMuMTI4NC5zZHIudmlkZW9fZGVmYXVsdF9jb3Zlcl9mcmFtZS5DMyJ9&_nc_ohc=km0h86kezwQQ7kNvwH8BrsV&_nc_oc=Ado-BewWHsUfr8VHK3am_57xZNsn0Q7Mk2enCli6NAtNqC0PDdozOQTxj2iCpZd8HP8&_nc_zt=23&_nc_ht=instagram.fsgn5-21.fna&_nc_gid=2fC41upj21LACIVZD3IW9Q&_nc_ss=7baaf&oh=00_AQOXLr0el4QbjwH2_wyM2BEDhW3NkcbetMOdLuqgI-V-8w&oe=6ABFDCF1,1284,1608
workflowspace,https://www.instagram.com/p/DYwsl7_jXdE/,DYwsl7_jXdE,1,https://instagram.fsgn5-7.fna.fbcdn.net/v/t39.30808-6/705365671_964791112992146_2536468762226521975_n.jpg?stp=dst-jpg_e35_tt6&_nc_cat=111&_nc_map=urlgen_bucketless&ig_cache_key=MzkwNDgxNjkxMzkyNjk0MzUzNQ%3D%3D.3-ccb7-5&ccb=7-5&_nc_sid=58cdad&efg=eyJ2ZW5jb2RlX3RhZyI6IkNBUk9VU0VMX0lURU0ueHBpZHMuMTA4MC5zZHIucmVndWxhcl9waG90by5DMyJ9&_nc_ohc=wrQxemwrcasQ7kNvwH5cPRh&_nc_oc=AdoY7uGCqtrPhi2MYTCa5hwQcizsZLnpT9aHLI55a3kCtL9DAmJ2_9KWshCCL70sB-Q&_nc_zt=23&_nc_ht=instagram.fsgn5-7.fna&_nc_gid=2fC41upj21LACIVZD3IW9Q&_nc_ss=7baaf&oh=00_AQO864m1jz8EjQO2QlrvJ-NByX-o12ezaXQKHn8M-CzYQQ&oe=6ABFDF1C,1080,1350
workflowspace,https://www.instagram.com/p/DYcL9shTN-v/,DYcL9shTN-v,1,https://instagram.fsgn5-6.fna.fbcdn.net/v/t51.82787-15/700827450_17889584235526780_186175542481980056_n.jpg?stp=dst-jpg_e15_tt6&_nc_cat=101&_nc_map=urlgen_bucketless&ig_cache_key=Mzg5OTA0Mzk5NTU5OTAzNjMzNTE3ODg5NTg0MjI5NTI2Nzgw.3-ccb7-5&ccb=7-5&_nc_sid=58cdad&efg=eyJ2ZW5jb2RlX3RhZyI6IkNMSVBTLnhwaWRzLjEwODAuc2RyLnZpZGVvX2RlZmF1bHRfY292ZXJfZnJhbWUuQzMifQ%3D%3D&_nc_ohc=-4K0-IuNencQ7kNvwFVUVKT&_nc_oc=Adp21B9X61hL_88rZKwax0V1N-CvlgHvlfbf4pgNeMCNManZzEJUVJgYU5R5kGaWg14&_nc_zt=23&_nc_ht=instagram.fsgn5-6.fna&_nc_gid=2fC41upj21LACIVZD3IW9Q&_nc_ss=7baaf&oh=00_AQNq3LvFHIisCDZU52hHdkrY4zSggFPAvjT-jG4ZlcCKMg&oe=6ABFF84B,1080,1920
workflowspace,https://www.instagram.com/p/DYV38JrAab8/,DYV38JrAab8,1,https://instagram.fsgn5-13.fna.fbcdn.net/v/t39.30808-6/698705660_955930247211566_5447611151883010305_n.jpg?stp=dst-jpg_e35_tt6&_nc_cat=104&_nc_map=urlgen_bucketless&ig_cache_key=Mzg5NzI2NzA3ODY3MDk1MjE4OA%3D%3D.3-ccb7-5&ccb=7-5&_nc_sid=58cdad&efg=eyJ2ZW5jb2RlX3RhZyI6IkZFRUQueHBpZHMuMTA4MC5zZHIucmVndWxhcl9waG90by5DMyJ9&_nc_ohc=WS5zJjm0up0Q7kNvwFCnv0Q&_nc_oc=AdoDf9PN7-WY45Lo5-Gc-2h7M5Ej8GTYmEMNPgtERJ1JqZbOze5Untz0ZWYV1k9sk-o&_nc_zt=23&_nc_ht=instagram.fsgn5-13.fna&_nc_gid=2fC41upj21LACIVZD3IW9Q&_nc_ss=7baaf&oh=00_AQOjafPPtH01g812Pr2wMjdntgGGRTDPzlVI6qHaoSkPqw&oe=6ABFF5E2,1080,1350
workflowspace,https://www.instagram.com/p/DYUX43rFCPT/,DYUX43rFCPT,1,https://instagram.fsgn5-9.fna.fbcdn.net/v/t39.30808-6/698990134_955960733875184_7212553175460282492_n.jpg?stp=dst-jpg_e35_tt6&_nc_cat=102&_nc_map=urlgen_bucketless&ig_cache_key=Mzg5Njg0NDYyMzkyNzMyNjEyMg%3D%3D.3-ccb7-5&ccb=7-5&_nc_sid=58cdad&efg=eyJ2ZW5jb2RlX3RhZyI6IkNBUk9VU0VMX0lURU0ueHBpZHMuMTYzOC5zZHIucmVndWxhcl9waG90by5DMyJ9&_nc_ohc=Jl4GEqxngFAQ7kNvwHWoE-F&_nc_oc=AdrzRdZBLrvUe8TXqjMM9_X2bAj_G-WoSFmsUHYM-E53a6zeD1x5GHIWuW3ZsREM4RQ&_nc_zt=23&_nc_ht=instagram.fsgn5-9.fna&_nc_gid=2fC41upj21LACIVZD3IW9Q&_nc_ss=7baaf&oh=00_AQMXETE2nxg0rzQlrstFAKk6eD0RVPsnqrHR3eZ2woZW0g&oe=6ABFE0EF,1638,2048
workflowspace,https://www.instagram.com/p/DYPP1PKjE2G/,DYPP1PKjE2G,1,https://instagram.fsgn5-9.fna.fbcdn.net/v/t39.30808-6/696967278_954295950708329_7333548459676243282_n.jpg?stp=dst-jpg_e35_tt6&_nc_cat=105&_nc_map=urlgen_bucketless&ig_cache_key=Mzg5NTQwMTgxMjc5NDgxNzg0NQ%3D%3D.3-ccb7-5&ccb=7-5&_nc_sid=58cdad&efg=eyJ2ZW5jb2RlX3RhZyI6IkNBUk9VU0VMX0lURU0ueHBpZHMuMTA4MC5zZHIucmVndWxhcl9waG90by5DMyJ9&_nc_ohc=iuz3GKMFrUgQ7kNvwGvihrx&_nc_oc=Adq7xXXMGnHARLZ-FyDDEmSAVlz913pvvgPM92WF6zxSH_P6s5gPCldCOZyPHKWXA6E&_nc_zt=23&_nc_ht=instagram.fsgn5-9.fna&_nc_gid=2fC41upj21LACIVZD3IW9Q&_nc_ss=7baaf&oh=00_AQMlU0kxOazQhOPLe1UFcwORbrJlNu14M4z4dNufaPDqkw&oe=6ABFC7E8,1080,1351
workflowspace,https://www.instagram.com/p/DX6n9OdiI4T/,DX6n9OdiI4T,1,https://instagram.fsgn5-10.fna.fbcdn.net/v/t39.30808-6/690200669_947719311365993_5742688550514075915_n.jpg?stp=dst-jpg_e35_tt6&_nc_cat=111&_nc_map=urlgen_bucketless&ig_cache_key=Mzg4OTU5Njk1OTQxNzczMjYyNw%3D%3D.3-ccb7-5&ccb=7-5&_nc_sid=58cdad&efg=eyJ2ZW5jb2RlX3RhZyI6IkZFRUQueHBpZHMuMTA4MC5zZHIucmVndWxhcl9waG90by5DMyJ9&_nc_ohc=8zTC6GRV-TYQ7kNvwHMqMcq&_nc_oc=Adp8Szihjgje28g5yokqToRdHOqT0-k8syVRmFgFpqHYl3H3rpZMgVpSwpX3JwSp22E&_nc_zt=23&_nc_ht=instagram.fsgn5-10.fna&_nc_gid=2fC41upj21LACIVZD3IW9Q&_nc_ss=7baaf&oh=00_AQNnJl2a9EdBs-GcKCVbTkIW9w2bXdq2Afl3Bt_8E9rtMw&oe=6ABFF59D,1080,1350
workflowspace,https://www.instagram.com/p/DX4KYHlzQOt/,DX4KYHlzQOt,1,https://instagram.fsgn5-9.fna.fbcdn.net/v/t51.82787-15/683929942_17887256073526780_838922419094272104_n.jpg?stp=dst-jpg_e15_tt6&_nc_cat=110&_nc_map=urlgen_bucketless&ig_cache_key=Mzg4ODkwMzkxNjExNzM2MTU4MTE3ODg3MjU2MDY3NTI2Nzgw.3-ccb7-5&ccb=7-5&_nc_sid=58cdad&efg=eyJ2ZW5jb2RlX3RhZyI6IkNMSVBTLnhwaWRzLjEwODAuc2RyLnZpZGVvX2RlZmF1bHRfY292ZXJfZnJhbWUuQzMifQ%3D%3D&_nc_ohc=wdHVMIVSomwQ7kNvwELp5Gz&_nc_oc=Ado--Q6WoKzpHt6IUD1cyLxX-5bQJySQp02DGj5zLEnNDNNvoXW3H362RWYYNWzqlYQ&_nc_zt=23&_nc_ht=instagram.fsgn5-9.fna&_nc_gid=2fC41upj21LACIVZD3IW9Q&_nc_ss=7baaf&oh=00_AQOFKIrdlKB1DFaEt5c92zFPvZNxUjMfxWgkOvJNll2DYg&oe=6ABFEB0B,1080,1920
workflowspace,https://www.instagram.com/p/DX1f4CYzne_/,DX1f4CYzne_,1,https://instagram.fsgn5-2.fna.fbcdn.net/v/t51.82787-15/683011021_17887071705526780_1023699249974345266_n.jpg?stp=dst-jpg_e15_tt6&_nc_cat=111&_nc_map=urlgen_bucketless&ig_cache_key=Mzg4ODE1NDA0MzYwMDUwMDY3MTE3ODg3MDcxNjk5NTI2Nzgw.3-ccb7-5&ccb=7-5&_nc_sid=58cdad&efg=eyJ2ZW5jb2RlX3RhZyI6IkNMSVBTLnhwaWRzLjEwODAuc2RyLnZpZGVvX2RlZmF1bHRfY292ZXJfZnJhbWUuQzMifQ%3D%3D&_nc_ohc=cmlJf2lOV3gQ7kNvwEHYYzO&_nc_oc=AdpoUt48XxekkmOVErIfaMJ7R_13U4A2J9V6GzF3a-4haemYgEXlR1uxh9Ax3hboAdw&_nc_zt=23&_nc_ht=instagram.fsgn5-2.fna&_nc_gid=hB8O8HOnYHvSv3QsC8w0GA&_nc_ss=7baaf&oh=00_AQOPmd9CHkmPPeGs1xqvnUzZGFe8Fzc-PDu8csWaxpLaRA&oe=6ABFEC87,1080,1920
workflowspace,https://www.instagram.com/p/DXzB6nRzSJd/,DXzB6nRzSJd,1,https://instagram.fsgn5-5.fna.fbcdn.net/v/t51.82787-15/683646878_17886908688526780_4011541383378117434_n.jpg?stp=dst-jpg_e15_tt6&_nc_cat=106&_nc_map=urlgen_bucketless&ig_cache_key=Mzg4NzQ1OTMyOTMwMTYxOTI5MzE3ODg2OTA4Njg1NTI2Nzgw.3-ccb7-5&ccb=7-5&_nc_sid=58cdad&efg=eyJ2ZW5jb2RlX3RhZyI6IkNMSVBTLnhwaWRzLjEwODAuc2RyLnZpZGVvX2RlZmF1bHRfY292ZXJfZnJhbWUuQzMifQ%3D%3D&_nc_ohc=Zzw_1u7O7R8Q7kNvwFzaMi7&_nc_oc=Adq3umlqlW5RM4xucVMQPXNSTU7badNDlL-nH-U6sw5O4nyjVwOA1bszQGOPeiPQK-U&_nc_zt=23&_nc_ht=instagram.fsgn5-5.fna&_nc_gid=hB8O8HOnYHvSv3QsC8w0GA&_nc_ss=7baaf&oh=00_AQPHdu1Ev7NV5GvWiiq9EMxjI97Bo2nZ9ZsnXuOIn5HFig&oe=6ABFCCC7,1080,1920
workflowspace,https://www.instagram.com/p/DXy5ThgqBs-/,DXy5ThgqBs-,1,https://instagram.fsgn5-10.fna.fbcdn.net/v/t51.71878-15/684160995_4359838250922554_5330048769073296728_n.jpg?stp=dst-jpg_e15_tt6&_nc_cat=102&_nc_map=urlgen_bucketless&ig_cache_key=Mzg4NzQyMTQ1ODY3NjcxODM5ODI3NjQ4OTQzNjM4NzQ4Nzg%3D.3-ccb7-5&ccb=7-5&_nc_sid=58cdad&efg=eyJ2ZW5jb2RlX3RhZyI6IkNMSVBTLnhwaWRzLjY0MC5zZHIudmlkZW9fbmZyYW1lX2NvdmVyX2ZyYW1lLkMzIn0%3D&_nc_ohc=z199lSKFmIYQ7kNvwFXgBYb&_nc_oc=AdpaSLMpDeQtxxFR1Ouy_f7PmiXejzSHc6r7p12aQlu5YY1lWV2hmSkLlUijWhRAEiI&_nc_zt=23&_nc_ht=instagram.fsgn5-10.fna&_nc_gid=hB8O8HOnYHvSv3QsC8w0GA&_nc_ss=7baaf&oh=00_AQMpUyC_jAp7lYIFtYkRNRioNyyzlnhH3adpPKfQQbQM5A&oe=6ABFCA86,640,1136
workflowspace,https://www.instagram.com/p/DXwUlwkq6R-/,DXwUlwkq6R-,1,https://instagram.fsgn5-12.fna.fbcdn.net/v/t51.82787-15/681797021_18006073373884245_8527329429232567943_n.jpg?stp=dst-jpg_e15_tt6&_nc_cat=106&_nc_map=urlgen_bucketless&ig_cache_key=Mzg4NjY5NzAzNDEyNjQzNTQ1NA%3D%3D.3-ccb7-5&ccb=7-5&_nc_sid=58cdad&efg=eyJ2ZW5jb2RlX3RhZyI6IkNMSVBTLnhwaWRzLjEyMTUuc2RyLnZpZGVvX2RlZmF1bHRfY292ZXJfZnJhbWUuQzMifQ%3D%3D&_nc_ohc=v59sbvPqjYcQ7kNvwHtOLgR&_nc_oc=AdoqyaE_eDTfXfS8L2WjPjPMyw1bJnh0HluOPp2BpDw_cUoGLuETEo8BUeCWfWRJMXM&_nc_zt=23&_nc_ht=instagram.fsgn5-12.fna&_nc_gid=hB8O8HOnYHvSv3QsC8w0GA&_nc_ss=7baaf&oh=00_AQMH-xBDi2CXlPwKRB-slWNDKlVT0LHDnTEa7YaXFIlyxA&oe=6ABFE2D8,1215,2160
workflowspace,https://www.instagram.com/p/DXt291ginf4/,DXt291ginf4,1,https://instagram.fsgn5-12.fna.fbcdn.net/v/t51.82787-15/682294554_18005962178884245_761672931794373018_n.jpg?stp=dst-jpg_e15_tt6&_nc_cat=106&_nc_map=urlgen_bucketless&ig_cache_key=Mzg4NjAwMzc5NzM0NDU0ODg1Ng%3D%3D.3-ccb7-5&ccb=7-5&_nc_sid=58cdad&efg=eyJ2ZW5jb2RlX3RhZyI6IkNMSVBTLnhwaWRzLjEyMTUuc2RyLnZpZGVvX2RlZmF1bHRfY292ZXJfZnJhbWUuQzMifQ%3D%3D&_nc_ohc=ILEtkTB_6rAQ7kNvwF4aphl&_nc_oc=AdrG8bdbwnzonQmZkBpx8S9DzLs3fBpoIFiYLr50c65e1-Ksnzi9M7p_3vNxfr1PUzw&_nc_zt=23&_nc_ht=instagram.fsgn5-12.fna&_nc_gid=hB8O8HOnYHvSv3QsC8w0GA&_nc_ss=7baaf&oh=00_AQODQlL2X0m8QiA5v02wrqAxHwokpnZZcv9_w4Ye3aJGJA&oe=6ABFE84B,1215,2160
workflowspace,https://www.instagram.com/p/DXmCV27E9KA/,DXmCV27E9KA,1,https://instagram.fsgn5-8.fna.fbcdn.net/v/t51.82787-15/680409293_17886027294526780_3983374236678743019_n.jpg?stp=dst-jpg_e15_tt6&_nc_cat=101&_nc_map=urlgen_bucketless&ig_cache_key=Mzg4MzgwMjAyNjgyODg3ODQ2NDE3ODg2MDI3Mjg1NTI2Nzgw.3-ccb7-5&ccb=7-5&_nc_sid=58cdad&efg=eyJ2ZW5jb2RlX3RhZyI6IkNMSVBTLnhwaWRzLjEwODAuc2RyLnZpZGVvX2RlZmF1bHRfY292ZXJfZnJhbWUuQzMifQ%3D%3D&_nc_ohc=Bf3lRM5DQVYQ7kNvwEdh_RS&_nc_oc=AdqPXii4t0-d2SyRWjNOfeg9zse_rU3mIgLwOVQSMMdbiT44j-C0ZUJLufIbZs9olvg&_nc_zt=23&_nc_ht=instagram.fsgn5-8.fna&_nc_gid=hB8O8HOnYHvSv3QsC8w0GA&_nc_ss=7baaf&oh=00_AQPvSMbO0CyyhXTpJTGDK6-TzkK_B_X0LuEiGa4Xbf2KDw&oe=6ABFF3C0,1080,1920
workflowspace,https://www.instagram.com/p/DXjSEo2CpmJ/,DXjSEo2CpmJ,1,https://instagram.fsgn5-10.fna.fbcdn.net/v/t51.82787-15/671072372_18005453342884245_8178877916369461656_n.jpg?stp=dst-jpg_e35_tt6&_nc_cat=100&_nc_map=urlgen_bucketless&ig_cache_key=Mzg4MzAyNjc4NzI5NDk0MzYyNQ%3D%3D.3-ccb7-5&ccb=7-5&_nc_sid=58cdad&efg=eyJ2ZW5jb2RlX3RhZyI6IkZFRUQueHBpZHMuMTQ0MC5zZHIucmVndWxhcl9waG90by5DMyJ9&_nc_ohc=QlSUaC-UDLYQ7kNvwH6TZRk&_nc_oc=AdpWZhq7_KVBlmHNjcPSycVetPP0_ETjSwVGOnLxz-JwrWuomboy7-V8h-fOhTpO7pw&_nc_zt=23&_nc_ht=instagram.fsgn5-10.fna&_nc_gid=hB8O8HOnYHvSv3QsC8w0GA&_nc_ss=7baaf&oh=00_AQN5DLHnJp3uVBsSTyYGuq5x2T2OIsxaggU31junGSVa5w&oe=6ABFF2E6,1440,1800
workflowspace,https://www.instagram.com/p/DXg6jrdlJCq/,DXg6jrdlJCq,1,https://instagram.fsgn5-1.fna.fbcdn.net/v/t51.82787-15/662498799_18005333030884245_2435755794094252588_n.jpg?stp=dst-jpg_e35_tt6&_nc_cat=104&_nc_map=urlgen_bucketless&ig_cache_key=Mzg4MjM2MDQxNzMzOTg3MTQwMg%3D%3D.3-ccb7-5&ccb=7-5&_nc_sid=58cdad&efg=eyJ2ZW5jb2RlX3RhZyI6IkZFRUQueHBpZHMuMTA4MC5zZHIucmVndWxhcl9waG90by5DMyJ9&_nc_ohc=_YnRLn6qUJIQ7kNvwHZzYqq&_nc_oc=Adr1eaOvSHoZDwHtWKIc5mn7vjJ59MZD4jeGArE8Xp-uSEM_xJwGRLbIJwVCKEwshPQ&_nc_zt=23&_nc_ht=instagram.fsgn5-1.fna&_nc_gid=hB8O8HOnYHvSv3QsC8w0GA&_nc_ss=7baaf&oh=00_AQOJcvu6zt6-5y3aIZ2CbLns937rlMlY6LtOKRgMZobW5w&oe=6ABFEF50,1080,1350
workflowspace,https://www.instagram.com/p/DXgtOIMFNMR/,DXgtOIMFNMR,1,https://instagram.fsgn5-15.fna.fbcdn.net/v/t51.82787-15/674472432_18005322323884245_6161082486141180120_n.jpg?stp=dst-jpg_e15_tt6&_nc_cat=103&_nc_map=urlgen_bucketless&ig_cache_key=Mzg4MjMwMTU1MTEwNDYzNzI3NA%3D%3D.3-ccb7-5&ccb=7-5&_nc_sid=58cdad&efg=eyJ2ZW5jb2RlX3RhZyI6IkNBUk9VU0VMX0lURU0ueHBpZHMuNzIwLnNkci52aWRlb19kZWZhdWx0X2NvdmVyX2ZyYW1lLkMzIn0%3D&_nc_ohc=_ZQ-HipvCi0Q7kNvwF1_S0V&_nc_oc=Adr5NWNVyfbhiANztg5DKwZFHeUdR9M1QWd1hJXinrRRLSaIVSpwjg0lDAQ0f2spcIE&_nc_zt=23&_nc_ht=instagram.fsgn5-15.fna&_nc_gid=hB8O8HOnYHvSv3QsC8w0GA&_nc_ss=7baaf&oh=00_AQOUwVHgA8G4w1LWUUqhBhzdvrzIpCVPxp93dyvXYbv6vQ&oe=6ABFE865,720,900
workflowspace,https://www.instagram.com/p/DXeZOsZlF1b/,DXeZOsZlF1b,1,https://instagram.fsgn5-3.fna.fbcdn.net/v/t51.82787-15/671141455_18005182442884245_8339692747296836539_n.jpg?stp=dst-jpg_e35_tt6&_nc_cat=102&_nc_map=urlgen_bucketless&ig_cache_key=Mzg4MTY1MDg3Njk5ODUzNzUxMg%3D%3D.3-ccb7-5&ccb=7-5&_nc_sid=58cdad&efg=eyJ2ZW5jb2RlX3RhZyI6IkNBUk9VU0VMX0lURU0ueHBpZHMuMTQzOS5zZHIucmVndWxhcl9waG90by5DMyJ9&_nc_ohc=TeFEgg-f2usQ7kNvwF3deFQ&_nc_oc=AdrXGXYpcUqjkgm1OEb2MmcNSJ5lkku4uKYSXTjq8Cg5aR4MB8Mz8WcxVKnzmclKJ64&_nc_zt=23&_nc_ht=instagram.fsgn5-3.fna&_nc_gid=hB8O8HOnYHvSv3QsC8w0GA&_nc_ss=7baaf&oh=00_AQM5iK1wxjvj_MmhCocB3a8jtbm2UAdMfrIZP35yelM8iw&oe=6ABFE279,1439,1799
workflowspace,https://www.instagram.com/p/DXeO2IgFNz-/,DXeO2IgFNz-,1,https://instagram.fsgn5-2.fna.fbcdn.net/v/t51.82787-15/671104078_18005173160884245_2780074179167408676_n.jpg?stp=dst-jpg_e35_tt6&_nc_cat=101&_nc_map=urlgen_bucketless&ig_cache_key=Mzg4MTYwNTIyMTQ3MTAxODIzOA%3D%3D.3-ccb7-5&ccb=7-5&_nc_sid=58cdad&efg=eyJ2ZW5jb2RlX3RhZyI6IkZFRUQueHBpZHMuMTA4MC5zZHIucmVndWxhcl9waG90by5DMyJ9&_nc_ohc=pFp5UrDxEukQ7kNvwHSpWST&_nc_oc=AdrWBImsD7v-sCT1OaR2LjM6uGlKc5_FNClwmLg9uyxneKrLQNpdAoLtAfglH5hq1M4&_nc_zt=23&_nc_ht=instagram.fsgn5-2.fna&_nc_gid=hB8O8HOnYHvSv3QsC8w0GA&_nc_ss=7baaf&oh=00_AQNfDJaGz9Snhi8zsWTVwPK9LUtohRaJWMWu5fK9NhoEog&oe=6ABFE17E,1080,1350
workflowspace,https://www.instagram.com/p/DXdbc4PkzJ_/,DXdbc4PkzJ_,1,https://instagram.fsgn5-22.fna.fbcdn.net/v/t51.82787-15/671748999_17885447673526780_3156707650008655905_n.jpg?stp=dst-jpg_e15_tt6&_nc_cat=105&_nc_map=urlgen_bucketless&ig_cache_key=Mzg4MTM3OTE4NTY1NTIzMTEwMzE3ODg1NDQ3NjY3NTI2Nzgw.3-ccb7-5&ccb=7-5&_nc_sid=58cdad&efg=eyJ2ZW5jb2RlX3RhZyI6IkNMSVBTLnhwaWRzLjEwODAuc2RyLnZpZGVvX2RlZmF1bHRfY292ZXJfZnJhbWUuQzMifQ%3D%3D&_nc_ohc=5yC777GGLOMQ7kNvwGASfHD&_nc_oc=AdpjHhLCOUX9BosTVmwyeJ2phAwWHfLvzxacNQ7LQimAC6-AuO_f1GdM7r50raWfFKs&_nc_zt=23&_nc_ht=instagram.fsgn5-22.fna&_nc_gid=hB8O8HOnYHvSv3QsC8w0GA&_nc_ss=7baaf&oh=00_AQN9iw_TBVtc6NlnwGDZOhhrfPLDpIv63CLVRx0NBsfAmQ&oe=6ABFD910,1080,1920
workflowspace,https://www.instagram.com/p/DXThKwGFPYN/,DXThKwGFPYN,1,https://instagram.fsgn5-13.fna.fbcdn.net/v/t51.82787-15/671871036_18004649186884245_6043347742739256233_n.jpg?stp=dst-jpg_e35_tt6&_nc_cat=101&_nc_map=urlgen_bucketless&ig_cache_key=Mzg3ODU4OTQ5OTUwNDc0MTQ5OA%3D%3D.3-ccb7-5&ccb=7-5&_nc_sid=58cdad&efg=eyJ2ZW5jb2RlX3RhZyI6IkNBUk9VU0VMX0lURU0ueHBpZHMuMTQ0MC5zZHIucmVndWxhcl9waG90by5DMyJ9&_nc_ohc=sWkrMlfx3qoQ7kNvwEmx16I&_nc_oc=AdrX5ZHMgGk4obpnikC3hmU0CWya_efvHJ_AQmbxtQr5zZX2Q9jKvQrdwza3NC2lJok&_nc_zt=23&_nc_ht=instagram.fsgn5-13.fna&_nc_gid=LRypCjw38qkcYAF6ubIqXw&_nc_ss=7baaf&oh=00_AQP1ibO4CLUZ8jrtkYZY10dgMzw9A2p2-0x_bFxM8FgV6A&oe=6ABFDCF1,1440,1799
workflowspace,https://www.instagram.com/p/DXQ3DtWCvCF/,DXQ3DtWCvCF,1,https://instagram.fsgn5-13.fna.fbcdn.net/v/t51.82787-15/670437427_18004520492884245_1959307534635877113_n.jpg?stp=dst-jpg_e35_tt6&_nc_cat=101&_nc_map=urlgen_bucketless&ig_cache_key=Mzg3Nzg0MTQyNjU3MDczNTc0OQ%3D%3D.3-ccb7-5&ccb=7-5&_nc_sid=58cdad&efg=eyJ2ZW5jb2RlX3RhZyI6IkZFRUQueHBpZHMuMTQ0MC5zZHIucmVndWxhcl9waG90by5DMyJ9&_nc_ohc=HH8P3Er844kQ7kNvwGfZL-8&_nc_oc=Ado04hnfhfuvXFaojtuCGRyHIZ4IFslstLn3xYzpsgchSJ0o2rSYD-oNPcURC_tjezc&_nc_zt=23&_nc_ht=instagram.fsgn5-13.fna&_nc_gid=LRypCjw38qkcYAF6ubIqXw&_nc_ss=7baaf&oh=00_AQMZcsKmmO0IKH2iiAXS0LRLBIG0J0XgDPcmLVNbzKeo2w&oe=6ABFDD4F,1440,1800
workflowspace,https://www.instagram.com/p/DXPVDitCqP6/,DXPVDitCqP6,1,https://instagram.fsgn5-11.fna.fbcdn.net/v/t51.71878-15/671099740_1157976843065535_5367980616672540386_n.jpg?stp=dst-jpg_e15_tt6&_nc_cat=105&_nc_map=urlgen_bucketless&ig_cache_key=Mzg3NzQxMDQwNjU4NzM0Mzg2NjE4MDc2MjcyMDkyMzExNjY4.3-ccb7-5&ccb=7-5&_nc_sid=58cdad&efg=eyJ2ZW5jb2RlX3RhZyI6IkNMSVBTLnhwaWRzLjY0MC5zZHIudmlkZW9fbmZyYW1lX2NvdmVyX2ZyYW1lLkMzIn0%3D&_nc_ohc=qHIUOyFCD4oQ7kNvwEDN04T&_nc_oc=Adql3YcPcnxgKvF3OZ9V6RQ9cyMuKfp8qf26SFv6ID54ALZMwPbYqhhuXysDKV-Yig4&_nc_zt=23&_nc_ht=instagram.fsgn5-11.fna&_nc_gid=LRypCjw38qkcYAF6ubIqXw&_nc_ss=7baaf&oh=00_AQP3EnNJb38tS6YIeDrfksxIRBPrMV9zLEOe6ZkAIynIbw&oe=6ABFD212,640,800
workflowspace,https://www.instagram.com/p/DXJzZKlCpID/,DXJzZKlCpID,1,https://instagram.fsgn5-10.fna.fbcdn.net/v/t51.82787-15/671670100_18004208642884245_7014348412611317353_n.jpg?stp=dst-jpg_e15_tt6&_nc_cat=103&_nc_map=urlgen_bucketless&ig_cache_key=Mzg3NTg1NDk4NDA0Njg3NTEzOTE4MDA0MjA4NjM2ODg0MjQ1.3-ccb7-5&ccb=7-5&_nc_sid=58cdad&efg=eyJ2ZW5jb2RlX3RhZyI6IkNMSVBTLnhwaWRzLjcyMC5zZHIudmlkZW9fZGVmYXVsdF9jb3Zlcl9mcmFtZS5DMyJ9&_nc_ohc=dsnGxiTmzM4Q7kNvwEqhH4B&_nc_oc=AdrHw4Vh7jb51JxLmAKUk9IMCVrYPxEh-kh4U_zLejtLxbm8p6EM4xBrOJl9DSrdQ0o&_nc_zt=23&_nc_ht=instagram.fsgn5-10.fna&_nc_gid=LRypCjw38qkcYAF6ubIqXw&_nc_ss=7baaf&oh=00_AQOrqe3LYrdMI3pYYiNHOAzLroxomNtez83G54rFaaEifw&oe=6ABFD8D6,720,900
workflowspace,https://www.instagram.com/p/DXDmn4bk37D/,DXDmn4bk37D,1,https://instagram.fsgn5-15.fna.fbcdn.net/v/t51.82787-15/671059216_18003919079884245_2017575718051810306_n.jpg?stp=dst-jpg_e35_tt6&_nc_cat=102&_nc_map=urlgen_bucketless&ig_cache_key=Mzg3NDEwOTk3MDg4Nzk2NjQwMw%3D%3D.3-ccb7-5&ccb=7-5&_nc_sid=58cdad&efg=eyJ2ZW5jb2RlX3RhZyI6IkZFRUQueHBpZHMuMTM1MC5zZHIucmVndWxhcl9waG90by5DMyJ9&_nc_ohc=hrC4JjJEArQQ7kNvwETpVpN&_nc_oc=AdrqdI4AainsAbJI2IzwxD8pRRvjr-JCOlPF8Gs_jB22xCQCIZ_nbTpdEDUk1c7v1FI&_nc_zt=23&_nc_ht=instagram.fsgn5-15.fna&_nc_gid=LRypCjw38qkcYAF6ubIqXw&_nc_ss=7baaf&oh=00_AQMG_DUdb3XeDpCL61HfzTphfBwVK11V240fU7vcPykUbw&oe=6ABFF969,1350,1688
workflowspace,https://www.instagram.com/p/DXA62BGE3PM/,DXA62BGE3PM,1,https://instagram.fsgn5-3.fna.fbcdn.net/v/t51.82787-15/671174084_18003796976884245_2711064732201292816_n.jpg?stp=dst-jpg_e35_tt6&_nc_cat=108&_nc_map=urlgen_bucketless&ig_cache_key=Mzg3MzM0ODM0MjgxOTAzNjkxNw%3D%3D.3-ccb7-5&ccb=7-5&_nc_sid=58cdad&efg=eyJ2ZW5jb2RlX3RhZyI6IkNBUk9VU0VMX0lURU0ueHBpZHMuMTQ0MC5zZHIucmVndWxhcl9waG90by5DMyJ9&_nc_ohc=7Wu3LbOJDv4Q7kNvwFmioFq&_nc_oc=Ado0Pc6XhdLh-xkhd_8D_hp_udhYoenOQ2QURcfaN5S6e0eYsDDkaMWKHBW-sr5V_6I&_nc_zt=23&_nc_ht=instagram.fsgn5-3.fna&_nc_gid=LRypCjw38qkcYAF6ubIqXw&_nc_ss=7baaf&oh=00_AQPat28chP6a6nzcbdRJWV21XEeEIlh9zsIwXiRvzz9BXQ&oe=6ABFD005,1440,1800
workflowspace,https://www.instagram.com/p/DW_if0lE2fq/,DW_if0lE2fq,1,https://instagram.fsgn5-9.fna.fbcdn.net/v/t51.82787-15/669652448_17883585222526780_3686032247083015405_n.jpg?stp=dst-jpg_e15_tt6&_nc_cat=108&_nc_map=urlgen_bucketless&ig_cache_key=Mzg3Mjk2NTkyNDkwMzY3NTg4MjE3ODgzNTg1MjE5NTI2Nzgw.3-ccb7-5&ccb=7-5&_nc_sid=58cdad&efg=eyJ2ZW5jb2RlX3RhZyI6IkNMSVBTLnhwaWRzLjEwODAuc2RyLnZpZGVvX2RlZmF1bHRfY292ZXJfZnJhbWUuQzMifQ%3D%3D&_nc_ohc=kJ8a9ugVKVcQ7kNvwFZ7otW&_nc_oc=AdrbQPXkJ2Tf_Jb_-uQ8UCXd-E5Ci-5ZKbksUJ5a4eiDVA5ue6-kZspDvUNhbg5yVGs&_nc_zt=23&_nc_ht=instagram.fsgn5-9.fna&_nc_gid=LRypCjw38qkcYAF6ubIqXw&_nc_ss=7baaf&oh=00_AQPEdcXI66zHzBS-iyuwULbZdPataQ8t4Lr445Rfta-v9Q&oe=6ABFD519,1080,1920
workflowspace,https://www.instagram.com/p/DW86dcMFAR6/,DW86dcMFAR6,1,https://instagram.fsgn5-15.fna.fbcdn.net/v/t51.82787-15/663028765_18003602366884245_9060998116430911477_n.jpg?stp=dst-jpg_e35_tt6&_nc_cat=108&_nc_map=urlgen_bucketless&ig_cache_key=Mzg3MjIyNjg4OTQ2MTY2Mjg0Mg%3D%3D.3-ccb7-5&ccb=7-5&_nc_sid=58cdad&efg=eyJ2ZW5jb2RlX3RhZyI6IkZFRUQueHBpZHMuMTQzOS5zZHIucmVndWxhcl9waG90by5DMyJ9&_nc_ohc=z2zhq2v8TgwQ7kNvwFQmSy2&_nc_oc=Adqk2be0uQM1dFn06n15qLIonLu4__6ie0cPk5pI8rH-TrIllsI3pBj6DkhlQK-YHUg&_nc_zt=23&_nc_ht=instagram.fsgn5-15.fna&_nc_gid=LRypCjw38qkcYAF6ubIqXw&_nc_ss=7baaf&oh=00_AQPTnkTNcMCRFKzni0GR3mf5XG9UD1YTGBUBjjqnKBMZPg&oe=6ABFE8B7,1439,1799
workflowspace,https://www.instagram.com/p/DW3zixClEfU/,DW3zixClEfU,1,https://instagram.fsgn5-11.fna.fbcdn.net/v/t51.82787-15/654910990_18003356924884245_8886977607635732555_n.jpg?stp=dst-jpg_e15_tt6&_nc_cat=100&_nc_map=urlgen_bucketless&ig_cache_key=Mzg3MDc4ODkzMTM5ODc5NzEzOQ%3D%3D.3-ccb7-5&ccb=7-5&_nc_sid=58cdad&efg=eyJ2ZW5jb2RlX3RhZyI6IkNBUk9VU0VMX0lURU0ueHBpZHMuMTA4MC5zZHIudmlkZW9fZGVmYXVsdF9jb3Zlcl9mcmFtZS5DMyJ9&_nc_ohc=0uqZo4VL67YQ7kNvwEGgIhs&_nc_oc=AdrPUGYedwK30tfayc6O_HYz0gqI50wZnC4v-FGClFlzmhK7a-okC-qt2iwTVAiKx-A&_nc_zt=23&_nc_ht=instagram.fsgn5-11.fna&_nc_gid=LRypCjw38qkcYAF6ubIqXw&_nc_ss=7baaf&oh=00_AQPfKyDXbEob1vA-ZfeRaXJDPyjMcBjd-VWZrzXlCU2rSA&oe=6ABFF658,1080,1080
workflowspace,https://www.instagram.com/p/DW1GhO5CVvv/,DW1GhO5CVvv,1,https://instagram.fsgn5-7.fna.fbcdn.net/v/t39.30808-6/668103092_926277536843504_4550112994342215332_n.jpg?stp=c0.0.1638.2047a_dst-jpg_e35_s1638x2047_tt6&_nc_cat=109&_nc_map=urlgen_bucketless&ig_cache_key=Mzg3MDAyODExMzkwNDIzNDU0NQ%3D%3D.3-ccb7-5&ccb=7-5&_nc_sid=58cdad&efg=eyJ2ZW5jb2RlX3RhZyI6IkNBUk9VU0VMX0lURU0ueHBpZHMuMTYzOC5zZHIucmVndWxhcl9waG90by5DMyJ9&_nc_ohc=hGkV4xGNI9wQ7kNvwHcIHXV&_nc_oc=AdqBnT3Bs8FfYC0PPMZRp4Zg2bfGhWACRiT5EMvTuRhqVV-W-ifMxlsG3RT8lA6VS4Y&_nc_zt=23&_nc_ht=instagram.fsgn5-7.fna&_nc_gid=LRypCjw38qkcYAF6ubIqXw&_nc_ss=7baaf&oh=00_AQNRp0FsSUYd3x7RO30j1Tj0DDFpKSmdB3iDWGDVShuFGA&oe=6ABFE895,1638,2047
workflowspace,https://www.instagram.com/p/DWyog2Uk4HB/,DWyog2Uk4HB,1,https://instagram.fsgn5-21.fna.fbcdn.net/v/t39.30808-6/667692106_925576013580323_1570444286342303088_n.jpg?stp=dst-jpg_e35_tt6&_nc_cat=106&_nc_map=urlgen_bucketless&ig_cache_key=Mzg2OTMzMzIwOTA3NTY0NjkxMw%3D%3D.3-ccb7-5&ccb=7-5&_nc_sid=58cdad&efg=eyJ2ZW5jb2RlX3RhZyI6IkZFRUQueHBpZHMuMTA4MC5zZHIucmVndWxhcl9waG90by5DMyJ9&_nc_ohc=DCXoSfbkPCwQ7kNvwHUG5wu&_nc_oc=Adozt5qauVfT6EKOt-BufBnqreUA792U3x_qo6N53NyFA2p_oSjbO5rX6-m30YSqr8A&_nc_zt=23&_nc_ht=instagram.fsgn5-21.fna&_nc_gid=LRypCjw38qkcYAF6ubIqXw&_nc_ss=7baaf&oh=00_AQOcJ5Vvfb4tGhO3xP5Ou5y_mpb4fqWL7s8x5qL-bOUw1w&oe=6ABFD57C,1080,1350
workflowspace,https://www.instagram.com/p/DWyh1dWE4tk/,DWyh1dWE4tk,1,https://instagram.fsgn5-2.fna.fbcdn.net/v/t51.82787-15/660073298_17882777655526780_9138741938335119869_n.jpg?stp=dst-jpg_e15_tt6&_nc_cat=101&_nc_map=urlgen_bucketless&ig_cache_key=Mzg2OTMwMzgzOTA0MDcwMzMzMjE3ODgyNzc3NjUyNTI2Nzgw.3-ccb7-5&ccb=7-5&_nc_sid=58cdad&efg=eyJ2ZW5jb2RlX3RhZyI6IkNMSVBTLnhwaWRzLjEwODAuc2RyLnZpZGVvX2RlZmF1bHRfY292ZXJfZnJhbWUuQzMifQ%3D%3D&_nc_ohc=gAhtg2a-qK8Q7kNvwE0CoT8&_nc_oc=AdppQW_WG0to3pTUtD3mvt5a2rQ4boP8A_qqusTg3FLLbts9f2b6T8gMdnlBvAERgHk&_nc_zt=23&_nc_ht=instagram.fsgn5-2.fna&_nc_gid=LRypCjw38qkcYAF6ubIqXw&_nc_ss=7baaf&oh=00_AQOYxoYYNjQi9AbxqQKByzVcnp_bVWuUJctH3B7NSXxYCw&oe=6ABFE4FA,1080,1920
workflowspace,https://www.instagram.com/p/DWq2xXxlHqy/,DWq2xXxlHqy,1,https://instagram.fsgn5-6.fna.fbcdn.net/v/t51.82787-15/658807662_18002768825884245_8663856128817282696_n.jpg?stp=dst-jpg_e35_tt6&_nc_cat=109&_nc_map=urlgen_bucketless&ig_cache_key=Mzg2NzE0NDEwNzc1NjY3NzIyOA%3D%3D.3-ccb7-5&ccb=7-5&_nc_sid=58cdad&efg=eyJ2ZW5jb2RlX3RhZyI6IkNBUk9VU0VMX0lURU0ueHBpZHMuMTA4MC5zZHIucmVndWxhcl9waG90by5DMyJ9&_nc_ohc=PR0xg0wRlAYQ7kNvwGpcRra&_nc_oc=Adr3dNYC36Jt6MioyTyX6UzcvsconqJ76dHYPv-Wq-_UxCO9VoRzE9RiDkdno9U6kGA&_nc_zt=23&_nc_ht=instagram.fsgn5-6.fna&_nc_gid=WRRjnrkz_aqSiqWZTSM0pg&_nc_ss=7baaf&oh=00_AQPfdmQYmwjt4UI7DEQoEWwTyZvtNlcjj1j_8M32wbtZgg&oe=6ABFC884,1080,1350
workflowspace,https://www.instagram.com/p/DWlvihkFN9g/,DWlvihkFN9g,1,https://instagram.fsgn5-13.fna.fbcdn.net/v/t51.82787-15/656874733_18002533409884245_4869863081517118888_n.jpg?stp=dst-jpg_e35_tt6&_nc_cat=104&_nc_map=urlgen_bucketless&ig_cache_key=Mzg2NTcwNDI4MDkwNDg1NTkwMg%3D%3D.3-ccb7-5&ccb=7-5&_nc_sid=58cdad&efg=eyJ2ZW5jb2RlX3RhZyI6IkNBUk9VU0VMX0lURU0ueHBpZHMuMTQ0MC5zZHIucmVndWxhcl9waG90by5DMyJ9&_nc_ohc=ulihma64VOIQ7kNvwGkCbmh&_nc_oc=Adra1OxM_DycgODCzveHmWS9a_iEUWDcvv0xVdMTD5jLyMyPoQFovpf1Y6SE4VWZ6BE&_nc_zt=23&_nc_ht=instagram.fsgn5-13.fna&_nc_gid=WRRjnrkz_aqSiqWZTSM0pg&_nc_ss=7baaf&oh=00_AQOBvBmFjfsdJZ2Thur6Ylysey6RKaOg5VOz-HbUURX2pQ&oe=6ABFD4A2,1440,1800
workflowspace,https://www.instagram.com/p/DWjDpmHlGwT/,DWjDpmHlGwT,1,https://instagram.fsgn5-22.fna.fbcdn.net/v/t51.82787-15/656901921_18002408156884245_4562627083368353913_n.jpg?stp=dst-jpg_e35_tt6&_nc_cat=110&_nc_map=urlgen_bucketless&ig_cache_key=Mzg2NDk0ODUxNzQ1NDQwNTk1Ng%3D%3D.3-ccb7-5&ccb=7-5&_nc_sid=58cdad&efg=eyJ2ZW5jb2RlX3RhZyI6IkNBUk9VU0VMX0lURU0ueHBpZHMuMTQ0MC5zZHIucmVndWxhcl9waG90by5DMyJ9&_nc_ohc=MgEg6qrT4PYQ7kNvwEwG71a&_nc_oc=AdoXPuZseKZdQmnoFenOzYYIyhrpjCxIXmsQVXIlaJp7ugtJn0uFXGDWTC_7Pk8Z8jE&_nc_zt=23&_nc_ht=instagram.fsgn5-22.fna&_nc_gid=WRRjnrkz_aqSiqWZTSM0pg&_nc_ss=7baaf&oh=00_AQOkq3ZusUQhT1-D3NKV4j-OJ8i7hv-VcHi1dJzprcgqPA&oe=6ABFDA40,1440,1800
workflowspace,https://www.instagram.com/p/DWbP5SGj9JS/,DWbP5SGj9JS,1,https://instagram.fsgn5-1.fna.fbcdn.net/v/t51.82787-15/656681818_18002031194884245_4432734884988157121_n.jpg?stp=dst-jpg_e15_tt6&_nc_cat=102&_nc_map=urlgen_bucketless&ig_cache_key=Mzg2Mjc1MTAxMjU0NTYxNDQxODE4MDAyMDMxMTkxODg0MjQ1.3-ccb7-5&ccb=7-5&_nc_sid=58cdad&efg=eyJ2ZW5jb2RlX3RhZyI6IkNMSVBTLnhwaWRzLjEwODAuc2RyLnZpZGVvX2RlZmF1bHRfY292ZXJfZnJhbWUuQzMifQ%3D%3D&_nc_ohc=NLZRG5DlZG0Q7kNvwFoudIc&_nc_oc=Adpx2ucvK3Ahte7hP3vsXatcbMWb7S26KAE8i4K_vWzYiKinEYrNf5EmF1nZcWzk3k4&_nc_zt=23&_nc_ht=instagram.fsgn5-1.fna&_nc_gid=WRRjnrkz_aqSiqWZTSM0pg&_nc_ss=7baaf&oh=00_AQOi7Gug6aKpN-PKjQL5Ncon3V1dNxNCmKcppRRp65vu3g&oe=6ABFCC18,1080,1920
workflowspace,https://www.instagram.com/p/DWY_lkSDREz/,DWY_lkSDREz,1,https://instagram.fsgn5-9.fna.fbcdn.net/v/t51.82787-15/660182703_18001938827884245_5009692059869911244_n.jpg?stp=dst-jpg_e15_tt6&_nc_cat=106&_nc_map=urlgen_bucketless&ig_cache_key=Mzg2MjExNjMzODk3ODU5MTAyNzE4MDAxOTM4ODIxODg0MjQ1.3-ccb7-5&ccb=7-5&_nc_sid=58cdad&efg=eyJ2ZW5jb2RlX3RhZyI6IkNMSVBTLnhwaWRzLjcyMC5zZHIudmlkZW9fZGVmYXVsdF9jb3Zlcl9mcmFtZS5DMyJ9&_nc_ohc=NJ_dBT9ZlHEQ7kNvwE2Q-nz&_nc_oc=AdqpQveQdsIQ0Zi_jlUby2QIvSDJji5EPBJanEq-TlLHbiALdScRH7PUSaPUjf7A--k&_nc_zt=23&_nc_ht=instagram.fsgn5-9.fna&_nc_gid=WRRjnrkz_aqSiqWZTSM0pg&_nc_ss=7baaf&oh=00_AQOe-AHb6S36fWIoeeTjk3Cm3d7ry0zccnSZmfxeOFxO3w&oe=6ABFE846,720,1280
workflowspace,https://www.instagram.com/p/DWY0kcIksWi/,DWY0kcIksWi,1,https://instagram.fsgn5-2.fna.fbcdn.net/v/t51.82787-15/656817203_18001918043884245_8902972246895654998_n.jpg?stp=dst-jpg_e35_tt6&_nc_cat=106&_nc_map=urlgen_bucketless&ig_cache_key=Mzg2MjA2Nzg4Mjk5ODU0Nzg3NA%3D%3D.3-ccb7-5&ccb=7-5&_nc_sid=58cdad&efg=eyJ2ZW5jb2RlX3RhZyI6IkZFRUQueHBpZHMuMTM1MC5zZHIucmVndWxhcl9waG90by5DMyJ9&_nc_ohc=zR9f5yRW5bQQ7kNvwHtjkxU&_nc_oc=AdpS5PHyp4WEeioNvG9CZZTsqqwTtUIRJSsa6uV3yFsmu1vFRzEmFpzHXNTtu_jMcXE&_nc_zt=23&_nc_ht=instagram.fsgn5-2.fna&_nc_gid=WRRjnrkz_aqSiqWZTSM0pg&_nc_ss=7baaf&oh=00_AQP5mUnbOgXFvHBtyPLNiXsftikrWGTGqq0B0sCfdSeeOA&oe=6ABFCC3E,1350,1688
workflowspace,https://www.instagram.com/p/DWTvSE0FAcz/,DWTvSE0FAcz,1,https://instagram.fsgn5-1.fna.fbcdn.net/v/t51.82787-15/656255976_18001663568884245_1647544771525567449_n.jpg?stp=dst-jpg_e35_tt6&_nc_cat=102&_nc_map=urlgen_bucketless&ig_cache_key=Mzg2MDYzNTM3OTEwODA4MTk0Mg%3D%3D.3-ccb7-5&ccb=7-5&_nc_sid=58cdad&efg=eyJ2ZW5jb2RlX3RhZyI6IkNBUk9VU0VMX0lURU0ueHBpZHMuMTA4MC5zZHIucmVndWxhcl9waG90by5DMyJ9&_nc_ohc=NNqZIpNwev0Q7kNvwHLT38F&_nc_oc=AdrY_0KqtZzO_svE3PROTNE9ddxS5lVWEeVu_C7n3C_So7LzkWOU_qz5t3o3HsZMIZM&_nc_zt=23&_nc_ht=instagram.fsgn5-1.fna&_nc_gid=WRRjnrkz_aqSiqWZTSM0pg&_nc_ss=7baaf&oh=00_AQPT1IdTAmFplORSHS24EzjFkBXeMlG2GXppRQYR9NHQ3w&oe=6ABFD39B,1080,1350
workflowspace,https://www.instagram.com/p/DWOgNdICr0L/,DWOgNdICr0L,1,https://instagram.fsgn5-15.fna.fbcdn.net/v/t51.82787-15/655465695_18001397240884245_5707143885628118162_n.jpg?stp=dst-jpg_e35_tt6&_nc_cat=107&_nc_map=urlgen_bucketless&ig_cache_key=Mzg1OTE2MzU5MjgxODA4MTAzNQ%3D%3D.3-ccb7-5&ccb=7-5&_nc_sid=58cdad&efg=eyJ2ZW5jb2RlX3RhZyI6IkZFRUQueHBpZHMuMTQ0MC5zZHIucmVndWxhcl9waG90by5DMyJ9&_nc_ohc=KvR052lHA2IQ7kNvwHkJsRD&_nc_oc=AdrkGA8r1RQ8Z64ruPxsW6rwc5AgcEVDHINda1xRg4p6T7Jv7GfxWBYizwky8xkMDoY&_nc_zt=23&_nc_ht=instagram.fsgn5-15.fna&_nc_gid=WRRjnrkz_aqSiqWZTSM0pg&_nc_ss=7baaf&oh=00_AQM9nPXhoepdJC6G3YJvXyFPn-cExNVDutwGjGak1DSM4A&oe=6ABFE4E1,1440,1802
workflowspace,https://www.instagram.com/p/DWJk_nVCocA/,DWJk_nVCocA,1,https://instagram.fsgn5-10.fna.fbcdn.net/v/t51.82787-15/656273583_17880003282526780_2113035676108711400_n.jpg?stp=dst-jpg_e15_tt6&_nc_cat=108&_nc_map=urlgen_bucketless&ig_cache_key=Mzg1Nzc3NzI1NzA0OTkxNzE4NDE3ODgwMDAzMjc5NTI2Nzgw.3-ccb7-5&ccb=7-5&_nc_sid=58cdad&efg=eyJ2ZW5jb2RlX3RhZyI6IkNMSVBTLnhwaWRzLjEwODAuc2RyLnZpZGVvX2RlZmF1bHRfY292ZXJfZnJhbWUuQzMifQ%3D%3D&_nc_ohc=-xp8-YJHRy4Q7kNvwHj-loK&_nc_oc=AdoJ1qA5xSwyL96iw1pzFxMYEbBS8SvWCtvd_N3CP0bKahF4V7GBET14iL_dqEOVxRQ&_nc_zt=23&_nc_ht=instagram.fsgn5-10.fna&_nc_gid=WRRjnrkz_aqSiqWZTSM0pg&_nc_ss=7baaf&oh=00_AQPrrU3hCP1cLIU1fUrt3dfaPr7m983QyS-LycwnRSle-Q&oe=6ABFDCE6,1080,1920
workflowspace,https://www.instagram.com/p/DWG6AfPlGyQ/,DWG6AfPlGyQ,1,https://instagram.fsgn5-14.fna.fbcdn.net/v/t51.82787-15/655494058_18000996572884245_3942897574716549493_n.jpg?stp=dst-jpg_e35_tt6&_nc_cat=102&_nc_map=urlgen_bucketless&ig_cache_key=Mzg1NzAyNDc1NTYwMTk0NDY4OA%3D%3D.3-ccb7-5&ccb=7-5&_nc_sid=58cdad&efg=eyJ2ZW5jb2RlX3RhZyI6IkNBUk9VU0VMX0lURU0ueHBpZHMuMTQ0MC5zZHIucmVndWxhcl9waG90by5DMyJ9&_nc_ohc=RQwDMBb-dkcQ7kNvwGLmvcS&_nc_oc=AdqRvS8dxxwgOMBbWmH8XVKGNXxCzM5m--QVeHBBdjLc-sOeBszqUSlM_fM00aTHPds&_nc_zt=23&_nc_ht=instagram.fsgn5-14.fna&_nc_gid=WRRjnrkz_aqSiqWZTSM0pg&_nc_ss=7baaf&oh=00_AQOs0LDjlKPQ4kvqsxIAPax6wlEQhcMBh3bCA_XCSSbchQ&oe=6ABFF126,1440,1800
workflowspace,https://www.instagram.com/p/DWEzDL_E12h/,DWEzDL_E12h,1,https://instagram.fsgn5-6.fna.fbcdn.net/v/t51.71878-15/655237666_911713708319814_1417304475678624182_n.jpg?stp=dst-jpg_e15_tt6&_nc_cat=104&_nc_map=urlgen_bucketless&ig_cache_key=Mzg1NjQzMTcwMDMzNTg3NzUzNzE4MDAwODkwNTY0ODg0MjQ1.3-ccb7-5&ccb=7-5&_nc_sid=58cdad&efg=eyJ2ZW5jb2RlX3RhZyI6IkNMSVBTLnhwaWRzLjY0MC5zZHIudmlkZW9fbmZyYW1lX2NvdmVyX2ZyYW1lLkMzIn0%3D&_nc_ohc=p_J8eeiQXkgQ7kNvwGPf_e0&_nc_oc=AdqFrNGCW4-OyC5BkreGrcf-51mQafDu5g4hGNHzkvYvyZteDJvu2NQ8_ECa3myW-bY&_nc_zt=23&_nc_ht=instagram.fsgn5-6.fna&_nc_gid=WRRjnrkz_aqSiqWZTSM0pg&_nc_ss=7baaf&oh=00_AQMU6B6BUSh0eMDZA8dVCaiDLm2d-FG6tZ4nYMeU83FT-g&oe=6ABFD86F,640,1136
workflowspace,https://www.instagram.com/p/DWBi8aUFKIn/,DWBi8aUFKIn,1,https://instagram.fsgn5-1.fna.fbcdn.net/v/t51.82787-15/654015605_18000724853884245_2718355727244905245_n.jpg?stp=dst-jpg_e35_tt6&_nc_cat=101&_nc_map=urlgen_bucketless&ig_cache_key=Mzg1NTUxNjI2NjUzNDY3ODAxMw%3D%3D.3-ccb7-5&ccb=7-5&_nc_sid=58cdad&efg=eyJ2ZW5jb2RlX3RhZyI6IkNBUk9VU0VMX0lURU0ueHBpZHMuMTA4MC5zZHIucmVndWxhcl9waG90by5DMyJ9&_nc_ohc=sztvRl9hY40Q7kNvwFaOTc7&_nc_oc=Adqm1AB5xJ_WtjY6gaOcVM8QOQQkBt59ks2Ekwy4HrokH4H56bEHATi8P5rmgSwZX4M&_nc_zt=23&_nc_ht=instagram.fsgn5-1.fna&_nc_gid=WRRjnrkz_aqSiqWZTSM0pg&_nc_ss=7baaf&oh=00_AQMLXyHQgm15GMTetjYHSeA8B-ZnUJTVitmikcAjtJGJiA&oe=6ABFC764,1080,1350
workflowspace,https://www.instagram.com/p/DV8c8E-E1KH/,DV8c8E-E1KH,1,https://instagram.fsgn5-8.fna.fbcdn.net/v/t39.30808-6/653011789_908566645281260_8946513567414223666_n.jpg?stp=dst-jpg_e35_tt6&_nc_cat=106&_nc_map=urlgen_bucketless&ig_cache_key=Mzg1NDA4MjYyOTk5ODcwMDQ0MQ%3D%3D.3-ccb7-5&ccb=7-5&_nc_sid=58cdad&efg=eyJ2ZW5jb2RlX3RhZyI6IkNBUk9VU0VMX0lURU0ueHBpZHMuMTA4MC5zZHIucmVndWxhcl9waG90by5DMyJ9&_nc_ohc=XL4Rr9zY0R4Q7kNvwHa4Rsy&_nc_oc=AdqrG3NzwOl-BCeMD4DkCMhTUghhCXqNY04z1Qc494kLNO9efEtoIU9N5NleYIbGlG0&_nc_zt=23&_nc_ht=instagram.fsgn5-8.fna&_nc_gid=uLOr5f5uBlfoWaxUlwtHHg&_nc_ss=7baaf&oh=00_AQMJV0aqJ96A3WxoN27YleWIDFIxt2mg0rDw23CDScqD7A&oe=6ABFC7F3,1080,1350
workflowspace,https://www.instagram.com/p/DV3T7geE2cs/,DV3T7geE2cs,1,https://instagram.fsgn5-9.fna.fbcdn.net/v/t51.82787-15/651011065_17878723101526780_5348022362231106110_n.jpg?stp=dst-jpg_e15_tt6&_nc_cat=103&_nc_map=urlgen_bucketless&ig_cache_key=Mzg1MjYzNTY1ODQzNTkxMzUxNjE3ODc4NzIzMDk4NTI2Nzgw.3-ccb7-5&ccb=7-5&_nc_sid=58cdad&efg=eyJ2ZW5jb2RlX3RhZyI6IkNMSVBTLnhwaWRzLjEwODAuc2RyLnZpZGVvX2RlZmF1bHRfY292ZXJfZnJhbWUuQzMifQ%3D%3D&_nc_ohc=eafiUF5kO-kQ7kNvwHLAwyn&_nc_oc=AdoKSEsB50X3BcxfFu52ukY8y95SWQPast7jLlJT8WFmGNIKcPcaKJr23WJAUhGo6C8&_nc_zt=23&_nc_ht=instagram.fsgn5-9.fna&_nc_gid=uLOr5f5uBlfoWaxUlwtHHg&_nc_ss=7baaf&oh=00_AQNJfqAj23XKgPNrGt2Ij-hab0o5_97r2w1EEsiMqbxTPg&oe=6ABFD9C7,1080,1920
workflowspace,https://www.instagram.com/p/DV0u2TEk9nc/,DV0u2TEk9nc,1,https://instagram.fsgn5-1.fna.fbcdn.net/v/t51.82787-15/652311775_18000097025884245_4055003689474669432_n.jpg?stp=dst-jpg_e35_tt6&_nc_cat=110&_nc_map=urlgen_bucketless&ig_cache_key=Mzg1MTkwOTYyMjc3Nzc2NDMxNg%3D%3D.3-ccb7-5&ccb=7-5&_nc_sid=58cdad&efg=eyJ2ZW5jb2RlX3RhZyI6IkZFRUQueHBpZHMuMTM1MC5zZHIucmVndWxhcl9waG90by5DMyJ9&_nc_ohc=UD_bF7ympIUQ7kNvwFqU_GC&_nc_oc=AdphmYg_xYWAyivQhFtE1nsNLOBeEH8JDu-rKE4BV5plfn_RtoTwwaHim0ZUwsMjzYg&_nc_zt=23&_nc_ht=instagram.fsgn5-1.fna&_nc_gid=uLOr5f5uBlfoWaxUlwtHHg&_nc_ss=7baaf&oh=00_AQOBXAidqTEaFcwMY5rM2tlyFlfWca4f856MX7Y1kVW71A&oe=6ABFF0A3,1350,1688
workflowspace,https://www.instagram.com/p/DVyhrjwjHi6/,DVyhrjwjHi6,1,https://instagram.fsgn5-12.fna.fbcdn.net/v/t39.30808-6/650625307_905670768904181_845909278417260879_n.jpg?stp=dst-jpg_e35_tt6&_nc_cat=107&_nc_map=urlgen_bucketless&ig_cache_key=Mzg1MTI4ODc2MDIyMzAzNzYyNg%3D%3D.3-ccb7-5&ccb=7-5&_nc_sid=58cdad&efg=eyJ2ZW5jb2RlX3RhZyI6IkZFRUQueHBpZHMuMTE1Mi5zZHIucmVndWxhcl9waG90by5DMyJ9&_nc_ohc=01-ofop7ciEQ7kNvwH1Ylff&_nc_oc=Adr8B1_GTo6k37-G0zJWoqq9Ci1EVZm2s2wNoWCWLK13dTm2uGJwYdDnBYa_roY8Pec&_nc_zt=23&_nc_ht=instagram.fsgn5-12.fna&_nc_gid=uLOr5f5uBlfoWaxUlwtHHg&_nc_ss=7baaf&oh=00_AQPIumKMD23qlwiHpPf3a0GGPK_uUBB517DH_HYd_2itog&oe=6ABFD32D,1152,1440
workflowspace,https://www.instagram.com/p/DVx-sjpE3pO/,DVx-sjpE3pO,1,https://instagram.fsgn5-5.fna.fbcdn.net/v/t51.82787-15/649971712_17999935148884245_3562410778528138241_n.jpg?stp=dst-jpg_e35_tt6&_nc_cat=100&_nc_map=urlgen_bucketless&ig_cache_key=Mzg1MTEzNDY4MDE4NDM0ODUyMA%3D%3D.3-ccb7-5&ccb=7-5&_nc_sid=58cdad&efg=eyJ2ZW5jb2RlX3RhZyI6IkNBUk9VU0VMX0lURU0ueHBpZHMuMTA4MC5zZHIucmVndWxhcl9waG90by5DMyJ9&_nc_ohc=teNo_EuRFRYQ7kNvwFeka6N&_nc_oc=AdoDZegIg8acoNpRCxpODoQmqOOXO4oQcO2_my-TeDZffWmKA5jdp7hCqdLEZug6T9M&_nc_zt=23&_nc_ht=instagram.fsgn5-5.fna&_nc_gid=uLOr5f5uBlfoWaxUlwtHHg&_nc_ss=7baaf&oh=00_AQPVS4fsvgulJn7JdOm3Adjbz9PuB0ksJPIlhKv-ydJ4iA&oe=6ABFD7DE,1080,1350
workflowspace,https://www.instagram.com/p/DVxJhY5ijgn/,DVxJhY5ijgn,1,https://instagram.fsgn5-9.fna.fbcdn.net/v/t51.82787-15/651047756_17999940680884245_8641129204813092621_n.jpg?stp=dst-jpg_e15_tt6&_nc_cat=105&_nc_map=urlgen_bucketless&ig_cache_key=Mzg1MDkwMTAzMzI3NDk4MDM5MTE3OTk5OTQwNjc3ODg0MjQ1.3-ccb7-5&ccb=7-5&_nc_sid=58cdad&efg=eyJ2ZW5jb2RlX3RhZyI6IkNMSVBTLnhwaWRzLjEwODAuc2RyLnZpZGVvX2RlZmF1bHRfY292ZXJfZnJhbWUuQzMifQ%3D%3D&_nc_ohc=eLQVpZyuUYwQ7kNvwHUihUk&_nc_oc=AdpjwSCrHXx1GhDatWhQJOYeoCTbTMIOhgOosEuHoQyX0jWIMOaZtOouoXRVUyHFUSA&_nc_zt=23&_nc_ht=instagram.fsgn5-9.fna&_nc_gid=uLOr5f5uBlfoWaxUlwtHHg&_nc_ss=7baaf&oh=00_AQNcE3Uiu_CnU33hIwz_4sP7e0EFV9EEWeqA2o_HX6-zHw&oe=6ABFCEC9,1080,1920
workflowspace,https://www.instagram.com/p/DVs3L7hE-S-/,DVs3L7hE-S-,1,https://instagram.fsgn5-12.fna.fbcdn.net/v/t51.82787-15/649221683_17999660738884245_855047668253272331_n.jpg?stp=dst-jpg_e35_tt6&_nc_cat=100&_nc_map=urlgen_bucketless&ig_cache_key=Mzg0OTY5NDAxNTQwMzU0Njc1NA%3D%3D.3-ccb7-5&ccb=7-5&_nc_sid=58cdad&efg=eyJ2ZW5jb2RlX3RhZyI6IkNBUk9VU0VMX0lURU0ueHBpZHMuMTA4MC5zZHIucmVndWxhcl9waG90by5DMyJ9&_nc_ohc=quhDbkdsP0QQ7kNvwFadItw&_nc_oc=Adr7DayZ2NJGcvJfB1wqD2nMB7bM_y9gXbqGFIACkhFCA_O_yreS8tCDWDxnmhTr42I&_nc_zt=23&_nc_ht=instagram.fsgn5-12.fna&_nc_gid=uLOr5f5uBlfoWaxUlwtHHg&_nc_ss=7baaf&oh=00_AQMNGtR8STBiSUYyyd2uL_LZpVa8GEKe9DOg063JI6mb1w&oe=6ABFC8A9,1080,1350
workflowspace,https://www.instagram.com/p/DVqiJ-9iI4x/,DVqiJ-9iI4x,1,https://instagram.fsgn5-3.fna.fbcdn.net/v/t39.30808-6/648992184_903319539139304_6810169711948909597_n.jpg?stp=dst-jpg_e35_tt6&_nc_cat=111&_nc_map=urlgen_bucketless&ig_cache_key=Mzg0OTAzOTAxNjAyMDcyNjA2OA%3D%3D.3-ccb7-5&ccb=7-5&_nc_sid=58cdad&efg=eyJ2ZW5jb2RlX3RhZyI6IkNBUk9VU0VMX0lURU0ueHBpZHMuMTYzOC5zZHIucmVndWxhcl9waG90by5DMyJ9&_nc_ohc=mJeIVumDFIUQ7kNvwES8l9a&_nc_oc=AdpvGKQPGwJ3SNQQAaSTnLZ6SUSsgY4mX3zktjrRr13cw4qLBVENeGfg6bxGnF8K4dI&_nc_zt=23&_nc_ht=instagram.fsgn5-3.fna&_nc_gid=uLOr5f5uBlfoWaxUlwtHHg&_nc_ss=7baaf&oh=00_AQMQWImoDBeaFbtECce9uRjIWWwBFTCe2dZaUqd9JpXl_g&oe=6ABFD56F,1638,2048
workflowspace,https://www.instagram.com/p/DVnbj8wk0sO/,DVnbj8wk0sO,1,https://instagram.fsgn5-11.fna.fbcdn.net/v/t51.82787-15/643581552_17999383151884245_8457603749614511524_n.jpg?stp=dst-jpg_e35_tt6&_nc_cat=110&_nc_map=urlgen_bucketless&ig_cache_key=Mzg0ODE2NTYyNDI4ODMzMjU1OA%3D%3D.3-ccb7-5&ccb=7-5&_nc_sid=58cdad&efg=eyJ2ZW5jb2RlX3RhZyI6IkZFRUQueHBpZHMuMTA4MC5zZHIucmVndWxhcl9waG90by5DMyJ9&_nc_ohc=ri8YtSodu3wQ7kNvwEdeKi2&_nc_oc=AdrN_5oyM04eDk4titZbpsqhmAwS-xIJNvjc2d8vLv8fVKhdEKG_pbgL-jKPJkCL49k&_nc_zt=23&_nc_ht=instagram.fsgn5-11.fna&_nc_gid=uLOr5f5uBlfoWaxUlwtHHg&_nc_ss=7baaf&oh=00_AQMCrSvExGGsHCNsCc28XmliiSY5e8ZywXpPP32U9xzOSg&oe=6ABFD21D,1080,1350
workflowspace,https://www.instagram.com/p/DVa58AWEx_0/,DVa58AWEx_0,1,https://instagram.fsgn5-9.fna.fbcdn.net/v/t51.82787-15/641230080_17998801208884245_949645513501956111_n.jpg?stp=dst-jpg_e35_tt6&_nc_cat=100&_nc_map=urlgen_bucketless&ig_cache_key=Mzg0NDY0MDA0NDEwNDIyODg1Mg%3D%3D.3-ccb7-5&ccb=7-5&_nc_sid=58cdad&efg=eyJ2ZW5jb2RlX3RhZyI6IkZFRUQueHBpZHMuMTA4MC5zZHIucmVndWxhcl9waG90by5DMyJ9&_nc_ohc=edbvD08QHU8Q7kNvwFkhpSo&_nc_oc=AdqdQNeMZbxRKyR2aXV923SQcdt1sJaFBObXMMu96sQ4eGYTR2Ti4HKyEDh9eIZgWF8&_nc_zt=23&_nc_ht=instagram.fsgn5-9.fna&_nc_gid=uLOr5f5uBlfoWaxUlwtHHg&_nc_ss=7baaf&oh=00_AQOk2TtsbZ7-5wRGkRBjgyECwcx6YKODCHzHUFmWXT7iZw&oe=6ABFE264,1080,1350
workflowspace,https://www.instagram.com/p/DVI3g1pk1ZA/,DVI3g1pk1ZA,1,https://instagram.fsgn5-9.fna.fbcdn.net/v/t51.82787-15/639892540_17998002035884245_5034670282646734725_n.jpg?stp=dst-jpg_e35_tt6&_nc_cat=105&_nc_map=urlgen_bucketless&ig_cache_key=MzgzOTU2MjgxNzk1NjE3MzYzOA%3D%3D.3-ccb7-5&ccb=7-5&_nc_sid=58cdad&efg=eyJ2ZW5jb2RlX3RhZyI6IkNBUk9VU0VMX0lURU0ueHBpZHMuMTA4MC5zZHIucmVndWxhcl9waG90by5DMyJ9&_nc_ohc=l-s1Us-ogI4Q7kNvwFWA-9h&_nc_oc=AdpWwSEm7DAb09R6ChDE8wl--1tWUQ1KPL3e73vfGegxT0grc8t2AqELNSrDNF08lO4&_nc_zt=23&_nc_ht=instagram.fsgn5-9.fna&_nc_gid=uLOr5f5uBlfoWaxUlwtHHg&_nc_ss=7baaf&oh=00_AQMIIgHjmkuFZ2HKFuokJB0xzx0_s-d31cyUOeStUlUQRQ&oe=6ABFF2CD,1080,1350
workflowspace,https://www.instagram.com/p/DVIEKkFk6Vn/,DVIEKkFk6Vn,1,https://instagram.fsgn5-5.fna.fbcdn.net/v/t51.82787-15/640364314_17997973073884245_2920402336694203970_n.jpg?stp=dst-jpg_e35_tt6&_nc_cat=111&_nc_map=urlgen_bucketless&ig_cache_key=MzgzOTMzNzAwMDQ2MjQyNzQ5NQ%3D%3D.3-ccb7-5&ccb=7-5&_nc_sid=58cdad&efg=eyJ2ZW5jb2RlX3RhZyI6IkZFRUQueHBpZHMuMTA4MC5zZHIucmVndWxhcl9waG90by5DMyJ9&_nc_ohc=7lq33Y1QSuYQ7kNvwFarKNL&_nc_oc=AdoIefI1AEIHIH_Wur1o7nvi1-riKNlaQCbdzY26Oq2xBGzLiNFzVHXbUmNVlnaw8FU&_nc_zt=23&_nc_ht=instagram.fsgn5-5.fna&_nc_gid=uLOr5f5uBlfoWaxUlwtHHg&_nc_ss=7baaf&oh=00_AQPNz6d1x6qLCMI--2YOqE1t8EwnySe2tT8E29u1jSo84g&oe=6ABFF716,1080,1350
workflowspace,https://www.instagram.com/p/DQrHvcWErFf/,DQrHvcWErFf,1,https://instagram.fsgn5-15.fna.fbcdn.net/v/t39.30808-6/574991954_807818328689426_3806667569698560362_n.jpg?stp=c0.45.1080.1350a_dst-jpg_e35_tt6&_nc_cat=106&_nc_map=urlgen_bucketless&ig_cache_key=Mzc1OTEzMjM2MDU0Njg5MDA3OQ%3D%3D.3-ccb7-5&ccb=7-5&_nc_sid=58cdad&efg=eyJ2ZW5jb2RlX3RhZyI6IkZFRUQueHBpZHMuMTA4MC5zZHIucmVndWxhcl9waG90by5DMyJ9&_nc_ohc=nB_aeHaa9fwQ7kNvwExkYaF&_nc_oc=Adr0X8AaMrxN2yKWT6LzOv7AOpSwRO-bKspEgckrEXpoNVU1XmeRfsCl8KyQl6KPKN4&_nc_zt=23&_nc_ht=instagram.fsgn5-15.fna&_nc_gid=h1GYXbhlLZyMGi8TqM7CVw&_nc_ss=7baaf&oh=00_AQNq97luql-gHNCVQP3omItT5YlwYON8Yb-9rGOOJq7QVw&oe=6ABFCF6B,1080,1350
workflowspace,https://www.instagram.com/p/DQrHrBxEt-p/,DQrHrBxEt-p,1,https://instagram.fsgn5-15.fna.fbcdn.net/v/t39.30808-6/574901447_807817918689467_7001110954444056165_n.jpg?stp=c0.45.1080.1350a_dst-jpg_e35_tt6&_nc_cat=111&_nc_map=urlgen_bucketless&ig_cache_key=Mzc1OTEzMjA1NzEzMDk1MDU2OQ%3D%3D.3-ccb7-5&ccb=7-5&_nc_sid=58cdad&efg=eyJ2ZW5jb2RlX3RhZyI6IkZFRUQueHBpZHMuMTA4MC5zZHIucmVndWxhcl9waG90by5DMyJ9&_nc_ohc=RjgHMxbQ0TYQ7kNvwFeC0B8&_nc_oc=Adp7S9YaIxb59No9PqJTOlQuDpqj1bmYGmULSIseSbVhaQ9NVELV0_23NoYwVxP37XU&_nc_zt=23&_nc_ht=instagram.fsgn5-15.fna&_nc_gid=h1GYXbhlLZyMGi8TqM7CVw&_nc_ss=7baaf&oh=00_AQOAYyA7PfbtuTM0V0KViA6SKYCwFWkI81uynEdx4JRFlg&oe=6ABFF5D4,1080,1350
workflowspace,https://www.instagram.com/p/DQrHoDJklvu/,DQrHoDJklvu,1,https://instagram.fsgn5-7.fna.fbcdn.net/v/t39.30808-6/575086312_807817642022828_6930853381902930222_n.jpg?stp=c0.45.1080.1350a_dst-jpg_e35_tt6&_nc_cat=100&_nc_map=urlgen_bucketless&ig_cache_key=Mzc1OTEzMTg1MjQ1NzI3MDI1NA%3D%3D.3-ccb7-5&ccb=7-5&_nc_sid=58cdad&efg=eyJ2ZW5jb2RlX3RhZyI6IkZFRUQueHBpZHMuMTA4MC5zZHIucmVndWxhcl9waG90by5DMyJ9&_nc_ohc=mB-TgEHg-Z0Q7kNvwGXcwl8&_nc_oc=AdoGwQ_lHF70cWfq4U7RwrseuhWZxIZIdIIHECN4cD_PoC-LypJCb5LlVcuLbCImKmY&_nc_zt=23&_nc_ht=instagram.fsgn5-7.fna&_nc_gid=h1GYXbhlLZyMGi8TqM7CVw&_nc_ss=7baaf&oh=00_AQNSVtIGNKLSHysETz75X2QtXcV-a3SeRVp-lgjwn1-gCQ&oe=6ABFD40B,1080,1350
workflowspace,https://www.instagram.com/p/DQrHjiiEmx1/,DQrHjiiEmx1,1,https://instagram.fsgn5-2.fna.fbcdn.net/v/t39.30808-6/575663822_807817228689536_2503731015930792193_n.jpg?stp=c0.45.1080.1350a_dst-jpg_e35_tt6&_nc_cat=103&_nc_map=urlgen_bucketless&ig_cache_key=Mzc1OTEzMTU0MjU1NjkyOTE0MQ%3D%3D.3-ccb7-5&ccb=7-5&_nc_sid=58cdad&efg=eyJ2ZW5jb2RlX3RhZyI6IkZFRUQueHBpZHMuMTA4MC5zZHIucmVndWxhcl9waG90by5DMyJ9&_nc_ohc=uQ5iFbCokh4Q7kNvwHATsHX&_nc_oc=Adpod6UjNZ1S2zjtAbUrucfagbCWsMycAchyStvo-VYqgYh2RL9cEnd1JshOH7SAqGo&_nc_zt=23&_nc_ht=instagram.fsgn5-2.fna&_nc_gid=h1GYXbhlLZyMGi8TqM7CVw&_nc_ss=7baaf&oh=00_AQPlHdQWMWIxTp0c-nkO797zZRwWKaIPsOF7ppIOVlwBTA&oe=6ABFF45B,1080,1350
workflowspace,https://www.instagram.com/p/DQrHU37EmR4/,DQrHU37EmR4,1,https://instagram.fsgn5-8.fna.fbcdn.net/v/t39.30808-6/577800156_807813012023291_4898724050293348136_n.jpg?stp=c0.45.1080.1350a_dst-jpg_e35_tt6&_nc_cat=108&_nc_map=urlgen_bucketless&ig_cache_key=Mzc1OTEzMDUzNDczMjc4NDc2MA%3D%3D.3-ccb7-5&ccb=7-5&_nc_sid=58cdad&efg=eyJ2ZW5jb2RlX3RhZyI6IkZFRUQueHBpZHMuMTA4MC5zZHIucmVndWxhcl9waG90by5DMyJ9&_nc_ohc=qzcT7cH6GtMQ7kNvwGpaP-T&_nc_oc=AdpUWS4QhnoxCI-jLnJFWjwfWezwnjOi1ib4UFZ0IVlc-r9xREFO4_ID2j8LueRNkTg&_nc_zt=23&_nc_ht=instagram.fsgn5-8.fna&_nc_gid=h1GYXbhlLZyMGi8TqM7CVw&_nc_ss=7baaf&oh=00_AQOJlQ39AtwhSWNDrngRW2_6UkQCL7y1t2i6g3gSAesTzg&oe=6ABFD49B,1080,1350
workflowspace,https://www.instagram.com/p/DQrGmlzklcT/,DQrGmlzklcT,1,https://instagram.fsgn5-3.fna.fbcdn.net/v/t39.30808-6/577313029_807806382023954_6322993081700240935_n.jpg?stp=c0.45.1080.1350a_dst-jpg_e35_tt6&_nc_cat=109&_nc_map=urlgen_bucketless&ig_cache_key=Mzc1OTEyNzM1NDE4MzY2OTUyMw%3D%3D.3-ccb7-5&ccb=7-5&_nc_sid=58cdad&efg=eyJ2ZW5jb2RlX3RhZyI6IkZFRUQueHBpZHMuMTA4MC5zZHIucmVndWxhcl9waG90by5DMyJ9&_nc_ohc=rc_huegoeHEQ7kNvwHvEw6y&_nc_oc=AdrKRITsheoMuMIV791QIJ9DgEW8_9dsc_ZVHO_hqZFO7iWEDRNgHMExE8ld_U3qpX8&_nc_zt=23&_nc_ht=instagram.fsgn5-3.fna&_nc_gid=h1GYXbhlLZyMGi8TqM7CVw&_nc_ss=7baaf&oh=00_AQNzrug7IVtfpRtdIYht6SiVM1WrRLIMLRiZ-UELeJC0_g&oe=6ABFC549,1080,1350
workflowspace,https://www.instagram.com/p/DQrFoBvkiof/,DQrFoBvkiof,1,https://instagram.fsgn5-2.fna.fbcdn.net/v/t39.30808-6/575686226_807800882024504_7799357464178825381_n.jpg?stp=c0.45.1080.1350a_dst-jpg_e35_tt6&_nc_cat=104&_nc_map=urlgen_bucketless&ig_cache_key=Mzc1OTEyMzAzMTY1MTQyMDA0Mw%3D%3D.3-ccb7-5&ccb=7-5&_nc_sid=58cdad&efg=eyJ2ZW5jb2RlX3RhZyI6IkNBUk9VU0VMX0lURU0ueHBpZHMuMTA4MC5zZHIucmVndWxhcl9waG90by5DMyJ9&_nc_ohc=xPS62hhMSL8Q7kNvwEV7xmB&_nc_oc=AdrXOk0U2l5cZJUfVqOekqnxkLruvhHsZYzYvE0Y4_L7FmET4WQSQecNQU-PgPYWGpI&_nc_zt=23&_nc_ht=instagram.fsgn5-2.fna&_nc_gid=h1GYXbhlLZyMGi8TqM7CVw&_nc_ss=7baaf&oh=00_AQPqUXpUMowiMaAkRZsdkK5OHn2gXTE6Zq4UjQ8H2FCwFw&oe=6ABFC85F,1080,1350
workflowspace,https://www.instagram.com/p/DQrErAfEt1F/,DQrErAfEt1F,1,https://instagram.fsgn5-21.fna.fbcdn.net/v/t39.30808-6/575175018_807797678691491_6683891227231299376_n.jpg?stp=c0.45.1080.1350a_dst-jpg_e35_tt6&_nc_cat=107&_nc_map=urlgen_bucketless&ig_cache_key=Mzc1OTExODg2MTYxNTY4NDkzMw%3D%3D.3-ccb7-5&ccb=7-5&_nc_sid=58cdad&efg=eyJ2ZW5jb2RlX3RhZyI6IkZFRUQueHBpZHMuMTA4MC5zZHIucmVndWxhcl9waG90by5DMyJ9&_nc_ohc=6zAWYPYOnpMQ7kNvwFqNT0Q&_nc_oc=AdrU6RFXpwL7imb4qfLQGzQgx1xL0wJ7qYWeI3-T4d-az8ceLY31Uz0uddxo9RE3cpE&_nc_zt=23&_nc_ht=instagram.fsgn5-21.fna&_nc_gid=h1GYXbhlLZyMGi8TqM7CVw&_nc_ss=7baaf&oh=00_AQMXL4C6rvfiN-6oSyxM_DbUj6Dd1bl1CoSnTQusKN9Jbw&oe=6ABFE58B,1080,1350
workflowspace,https://www.instagram.com/p/DQrEDMXkmmw/,DQrEDMXkmmw,1,https://instagram.fsgn5-22.fna.fbcdn.net/v/t39.30808-6/575115485_807796225358303_3254272281635794500_n.jpg?stp=c0.45.1080.1350a_dst-jpg_e35_tt6&_nc_cat=111&_nc_map=urlgen_bucketless&ig_cache_key=Mzc1OTExNjEyNTU5NTY1ODY3Mg%3D%3D.3-ccb7-5&ccb=7-5&_nc_sid=58cdad&efg=eyJ2ZW5jb2RlX3RhZyI6IkZFRUQueHBpZHMuMTA4MC5zZHIucmVndWxhcl9waG90by5DMyJ9&_nc_ohc=atoq45os1sgQ7kNvwGsfomS&_nc_oc=Ado6oEdR-9-xSDH0FLrNGgUaYL8QUnwyySR9Oxyxp7QH9qqb60QnmYrDaM7XX0n85_s&_nc_zt=23&_nc_ht=instagram.fsgn5-22.fna&_nc_gid=h1GYXbhlLZyMGi8TqM7CVw&_nc_ss=7baaf&oh=00_AQN-lJungoyWMONtneoP0lg9HgA8RI7EQMvBVYPBZbU7NA&oe=6ABFE368,1080,1350
workflowspace,https://www.instagram.com/p/DQrDzdhkvPH/,DQrDzdhkvPH,1,https://instagram.fsgn5-5.fna.fbcdn.net/v/t39.30808-6/575666601_807791662025426_6437983096367963012_n.jpg?stp=c0.45.1080.1350a_dst-jpg_e35_tt6&_nc_cat=101&_nc_map=urlgen_bucketless&ig_cache_key=Mzc1OTExNTA0NDUwNTQ0OTQxNQ%3D%3D.3-ccb7-5&ccb=7-5&_nc_sid=58cdad&efg=eyJ2ZW5jb2RlX3RhZyI6IkZFRUQueHBpZHMuMTA4MC5zZHIucmVndWxhcl9waG90by5DMyJ9&_nc_ohc=WPlt3774TAUQ7kNvwFej2T9&_nc_oc=AdqCTxKQEBze9Om6r4SZJnOim_YmfrSxqu-D11NEDr2RoPFyd5Zdi9IBuylTK1ajpdY&_nc_zt=23&_nc_ht=instagram.fsgn5-5.fna&_nc_gid=h1GYXbhlLZyMGi8TqM7CVw&_nc_ss=7baaf&oh=00_AQNSOZtwqQkIj-TJPXjVLyhEdh1GZMBZvk1TocxwicAqYg&oe=6ABFE784,1080,1350
workflowspace,https://www.instagram.com/p/DQrDBbeknrs/,DQrDBbeknrs,1,https://instagram.fsgn5-11.fna.fbcdn.net/v/t39.30808-6/578026611_807788532025739_8115938153128305920_n.jpg?stp=c0.45.1080.1350a_dst-jpg_e35_tt6&_nc_cat=109&_nc_map=urlgen_bucketless&ig_cache_key=Mzc1OTExMTYwNjMzMzc2NjM4MA%3D%3D.3-ccb7-5&ccb=7-5&_nc_sid=58cdad&efg=eyJ2ZW5jb2RlX3RhZyI6IkZFRUQueHBpZHMuMTA4MC5zZHIucmVndWxhcl9waG90by5DMyJ9&_nc_ohc=XeFNasK5iM0Q7kNvwHf3Vy8&_nc_oc=Ado-PhtOX4a-Apdm3zVIRGtaIXqy4ShXk4wXK-3PoXH1-McfNx6tjG2MjILD8sfLOig&_nc_zt=23&_nc_ht=instagram.fsgn5-11.fna&_nc_gid=UmNCUm58SDbsoZPU0skzvQ&_nc_ss=7baaf&oh=00_AQPfWTQ0WjTPSsbel6IxMrUDczo6jn1uwY0vtqNrU0Wqhw&oe=6ABFF3EA,1080,1350
workflowspace,https://www.instagram.com/p/DQrCfRRklfo/,DQrCfRRklfo,1,https://instagram.fsgn5-22.fna.fbcdn.net/v/t39.30808-6/575695129_807787282025864_8074626619185767947_n.jpg?stp=c0.45.1080.1350a_dst-jpg_e35_tt6&_nc_cat=106&_nc_map=urlgen_bucketless&ig_cache_key=Mzc1OTEwOTI1ODkxNjAyNjM0NA%3D%3D.3-ccb7-5&ccb=7-5&_nc_sid=58cdad&efg=eyJ2ZW5jb2RlX3RhZyI6IkZFRUQueHBpZHMuMTA4MC5zZHIucmVndWxhcl9waG90by5DMyJ9&_nc_ohc=I67vOz3ANYAQ7kNvwFWhYp7&_nc_oc=AdohezNLnqMzzQpD3GicYjHkfb17s1McVdi8Pm_MAqWAqPDym5m9TsGKEr8uYoEzhxE&_nc_zt=23&_nc_ht=instagram.fsgn5-22.fna&_nc_gid=UmNCUm58SDbsoZPU0skzvQ&_nc_ss=7baaf&oh=00_AQMaZkiq3YOEP8hLvzkxhL35PJrxkc-2woJwlfEbeuko8A&oe=6ABFF82F,1080,1350
workflowspace,https://www.instagram.com/p/DQrCKcJEmfB/,DQrCKcJEmfB,1,https://instagram.fsgn5-3.fna.fbcdn.net/v/t39.30808-6/578273197_807783172026275_5771964327977693666_n.jpg?stp=c0.45.1080.1350a_dst-jpg_e35_tt6&_nc_cat=101&_nc_map=urlgen_bucketless&ig_cache_key=Mzc1OTEwNzgyNzQ3NTU3MjY3Mw%3D%3D.3-ccb7-5&ccb=7-5&_nc_sid=58cdad&efg=eyJ2ZW5jb2RlX3RhZyI6IkZFRUQueHBpZHMuMTA4MC5zZHIucmVndWxhcl9waG90by5DMyJ9&_nc_ohc=ajZsBbIwWEsQ7kNvwGYPjEw&_nc_oc=Adpja_Df2kmRN9QNMwiS9Tr-348fcR6zjaBsp2yP3iAX2xo85IFlztvdPL-ldSc8nLU&_nc_zt=23&_nc_ht=instagram.fsgn5-3.fna&_nc_gid=UmNCUm58SDbsoZPU0skzvQ&_nc_ss=7baaf&oh=00_AQN6OnoK2aPZtmgTy3wkOT1YLyFxeOeyfIxb9Y5HlephmA&oe=6ABFF16D,1080,1350
workflowspace,https://www.instagram.com/p/DQrBecjkmvv/,DQrBecjkmvv,1,https://instagram.fsgn5-8.fna.fbcdn.net/v/t39.30808-6/576077619_807781738693085_72394239363801634_n.jpg?stp=c0.45.1080.1350a_dst-jpg_e35_tt6&_nc_cat=105&_nc_map=urlgen_bucketless&ig_cache_key=Mzc1OTEwNDgwNDI2MzE5MzU4Mw%3D%3D.3-ccb7-5&ccb=7-5&_nc_sid=58cdad&efg=eyJ2ZW5jb2RlX3RhZyI6IkZFRUQueHBpZHMuMTA4MC5zZHIucmVndWxhcl9waG90by5DMyJ9&_nc_ohc=WM1XASMaY9oQ7kNvwH630Qz&_nc_oc=AdqeHp37sE0FVtOxxEGUKCGGcpFKoUHY-ezMeTr830nIoFg7BSqBO_lVBAdtVyNFSb4&_nc_zt=23&_nc_ht=instagram.fsgn5-8.fna&_nc_gid=UmNCUm58SDbsoZPU0skzvQ&_nc_ss=7baaf&oh=00_AQMWWwU89LVNs0ONMJQwk0a4Tb-5kA_M3grkTU2ctEM5hA&oe=6ABFC589,1080,1350
workflowspace,https://www.instagram.com/p/DQrBGaIkilC/,DQrBGaIkilC,1,https://instagram.fsgn5-6.fna.fbcdn.net/v/t39.30808-6/576844213_807771462027446_5061369257038340622_n.jpg?stp=c0.45.1080.1350a_dst-jpg_e35_tt6&_nc_cat=104&_nc_map=urlgen_bucketless&ig_cache_key=Mzc1OTEwMzE1MjM5NTI2NjM3MA%3D%3D.3-ccb7-5&ccb=7-5&_nc_sid=58cdad&efg=eyJ2ZW5jb2RlX3RhZyI6IkZFRUQueHBpZHMuMTA4MC5zZHIucmVndWxhcl9waG90by5DMyJ9&_nc_ohc=HabFdNCJlmcQ7kNvwHvrc77&_nc_oc=AdqUrE83TRLoNuLD5hR_OKUnw0Qc9QOcCpyeRtF1avYI2ADYgDK5U6lTlfuhYIytwfo&_nc_zt=23&_nc_ht=instagram.fsgn5-6.fna&_nc_gid=UmNCUm58SDbsoZPU0skzvQ&_nc_ss=7baaf&oh=00_AQPwtsZI8tBX3r7TgBelAJLVqMBXb2QOmHDFxqKuQ21V1A&oe=6ABFCE60,1080,1350
workflowspace,https://www.instagram.com/p/DQq-9hlEj5s/,DQq-9hlEj5s,1,https://instagram.fsgn5-11.fna.fbcdn.net/v/t39.30808-6/576670555_807766785361247_3640451962512026787_n.jpg?stp=c0.45.1080.1350a_dst-jpg_e35_tt6&_nc_cat=111&_nc_map=urlgen_bucketless&ig_cache_key=Mzc1OTA5Mzc0NTgyMTMwMjM4MA%3D%3D.3-ccb7-5&ccb=7-5&_nc_sid=58cdad&efg=eyJ2ZW5jb2RlX3RhZyI6IkZFRUQueHBpZHMuMTA4MC5zZHIucmVndWxhcl9waG90by5DMyJ9&_nc_ohc=gCYD8kcqzVcQ7kNvwGT6hgF&_nc_oc=AdpQBJttgWwxSgjryAcVaRw65ma1SGYjjtIfgXxEjJkenrbHHfqYGJFB39O7ObMgffA&_nc_zt=23&_nc_ht=instagram.fsgn5-11.fna&_nc_gid=UmNCUm58SDbsoZPU0skzvQ&_nc_ss=7baaf&oh=00_AQPas023m8nHzUbdtbpA8SL84oeX9v92_-kh4BDDcNad_g&oe=6ABFF4EE,1080,1350
workflowspace,https://www.instagram.com/p/DQq-T66Eq0s/,DQq-T66Eq0s,1,https://instagram.fsgn5-9.fna.fbcdn.net/v/t39.30808-6/575124172_807763495361576_3064987441921105879_n.jpg?stp=c0.45.1080.1350a_dst-jpg_e35_tt6&_nc_cat=102&_nc_map=urlgen_bucketless&ig_cache_key=Mzc1OTA5MDg4Njc5OTE3NDk1Ng%3D%3D.3-ccb7-5&ccb=7-5&_nc_sid=58cdad&efg=eyJ2ZW5jb2RlX3RhZyI6IkZFRUQueHBpZHMuMTA4MC5zZHIucmVndWxhcl9waG90by5DMyJ9&_nc_ohc=13noK2t7bZoQ7kNvwGmKkAW&_nc_oc=Adr5gZVT_xWfQE-qo8PNiPQBO8hN0EHJ-FGFHI_UnySOG4RdNWgCswb71ucEti4dtoI&_nc_zt=23&_nc_ht=instagram.fsgn5-9.fna&_nc_gid=UmNCUm58SDbsoZPU0skzvQ&_nc_ss=7baaf&oh=00_AQPIwR4QGvz2j5bxiMvpxpgjC4WWXJHXwRxrHUs6oMCiCw&oe=6ABFC528,1080,1350
workflowspace,https://www.instagram.com/p/DQq9pUwEolh/,DQq9pUwEolh,1,https://instagram.fsgn5-11.fna.fbcdn.net/v/t39.30808-6/577632632_807761578695101_2510568979874761045_n.jpg?stp=c0.45.1080.1350a_dst-jpg_e35_tt6&_nc_cat=109&_nc_map=urlgen_bucketless&ig_cache_key=Mzc1OTA4Nzk1OTYxMTE4MTQwOQ%3D%3D.3-ccb7-5&ccb=7-5&_nc_sid=58cdad&efg=eyJ2ZW5jb2RlX3RhZyI6IkZFRUQueHBpZHMuMTA4MC5zZHIucmVndWxhcl9waG90by5DMyJ9&_nc_ohc=m80oJZiOs4YQ7kNvwHDyb2K&_nc_oc=AdrOtj9z7HEyV77Dw2A5dODDp_wQzo-B6W1GcHKKBADYYSjYt_ImI63ed37MdIPQUEI&_nc_zt=23&_nc_ht=instagram.fsgn5-11.fna&_nc_gid=UmNCUm58SDbsoZPU0skzvQ&_nc_ss=7baaf&oh=00_AQP23FRFM8GdA19BlJIDT6dPSq60iwREtNI8eUvCPMfCQw&oe=6ABFE334,1080,1350
workflowspace,https://www.instagram.com/p/DQq9ZwCEq3o/,DQq9ZwCEq3o,1,https://instagram.fsgn5-3.fna.fbcdn.net/v/t39.30808-6/575177379_807761192028473_3279129291275251815_n.jpg?stp=c0.45.1080.1350a_dst-jpg_e35_tt6&_nc_cat=111&_nc_map=urlgen_bucketless&ig_cache_key=Mzc1OTA4Njg4OTM5MjU4MjEyMA%3D%3D.3-ccb7-5&ccb=7-5&_nc_sid=58cdad&efg=eyJ2ZW5jb2RlX3RhZyI6IkZFRUQueHBpZHMuMTA4MC5zZHIucmVndWxhcl9waG90by5DMyJ9&_nc_ohc=cycm-nQ8R_AQ7kNvwFCukkX&_nc_oc=AdpYkhJ5HPcgL6hpJ8KHdVH9a_ctsDE77ZaX1R2J1ZNxaD_HAZ0modP1OKVaYwjVJ0o&_nc_zt=23&_nc_ht=instagram.fsgn5-3.fna&_nc_gid=UmNCUm58SDbsoZPU0skzvQ&_nc_ss=7baaf&oh=00_AQOoBBXMpJobVdJVYkHsn1zYG-yaeR7-pbbzK7vmMV4Guw&oe=6ABFF68C,1080,1350
workflowspace,https://www.instagram.com/p/DQq9QoJkn2A/,DQq9QoJkn2A,1,https://instagram.fsgn5-1.fna.fbcdn.net/v/t39.30808-6/577002214_807760108695248_3927172074606364863_n.jpg?stp=c0.45.1080.1350a_dst-jpg_e35_tt6&_nc_cat=100&_nc_map=urlgen_bucketless&ig_cache_key=Mzc1OTA4NjI2MjQ1MzE3MzYzMg%3D%3D.3-ccb7-5&ccb=7-5&_nc_sid=58cdad&efg=eyJ2ZW5jb2RlX3RhZyI6IkZFRUQueHBpZHMuMTA4MC5zZHIucmVndWxhcl9waG90by5DMyJ9&_nc_ohc=iSFq0FxbQ7wQ7kNvwHV-8tb&_nc_oc=AdowNatu516UBhHe6sWSsjMb8WzrIQnusXpIf3SCCUrO-R36U258PLiNSnZxSu_nP4s&_nc_zt=23&_nc_ht=instagram.fsgn5-1.fna&_nc_gid=UmNCUm58SDbsoZPU0skzvQ&_nc_ss=7baaf&oh=00_AQMQ8LVIayMaByIqkCUhE-cqI-oExHJ4dXzoZTP2QATRbA&oe=6ABFEFEC,1080,1350
workflowspace,https://www.instagram.com/p/DQq9H84kov7/,DQq9H84kov7,1,https://instagram.fsgn5-10.fna.fbcdn.net/v/t39.30808-6/576023495_807759518695307_2119644627487556559_n.jpg?stp=c0.45.1080.1350a_dst-jpg_e35_tt6&_nc_cat=108&_nc_map=urlgen_bucketless&ig_cache_key=Mzc1OTA4NTY2NjI0MTI1MjM0Nw%3D%3D.3-ccb7-5&ccb=7-5&_nc_sid=58cdad&efg=eyJ2ZW5jb2RlX3RhZyI6IkZFRUQueHBpZHMuMTA4MC5zZHIucmVndWxhcl9waG90by5DMyJ9&_nc_ohc=EbAEXtMBDi0Q7kNvwEuYPuk&_nc_oc=Adq50T2KW_7aYdy0AY70rRfRWhMU47hwtjmciuuMIuLAnewJpJ_uh8Tz3pm83j6zbY0&_nc_zt=23&_nc_ht=instagram.fsgn5-10.fna&_nc_gid=UmNCUm58SDbsoZPU0skzvQ&_nc_ss=7baaf&oh=00_AQOqskd_915wRwrpIN7AF13leomI4C_XPwI636GIskfp4g&oe=6ABFCA82,1080,1350
workflowspace,https://www.instagram.com/p/DQq9DklknkP/,DQq9DklknkP,1,https://instagram.fsgn5-6.fna.fbcdn.net/v/t39.30808-6/575098857_807758988695360_7768458012771470335_n.jpg?stp=c0.45.1080.1350a_dst-jpg_e35_tt6&_nc_cat=103&_nc_map=urlgen_bucketless&ig_cache_key=Mzc1OTA4NTM2NTI3NDc2OTY3OQ%3D%3D.3-ccb7-5&ccb=7-5&_nc_sid=58cdad&efg=eyJ2ZW5jb2RlX3RhZyI6IkZFRUQueHBpZHMuMTA4MC5zZHIucmVndWxhcl9waG90by5DMyJ9&_nc_ohc=inwGWnqDYqoQ7kNvwG4yjQ1&_nc_oc=AdotTnlnyULgQxsgjN7QcFrfj9qgaFP1hgbAoeJ8nLb4DqEXHiTZWagXkpxVvk1kEhI&_nc_zt=23&_nc_ht=instagram.fsgn5-6.fna&_nc_gid=UmNCUm58SDbsoZPU0skzvQ&_nc_ss=7baaf&oh=00_AQNCkSThw2E_hZNyMjwrt8eobnT5_ewUr5kuz7zRngYwEg&oe=6ABFCB1C,1080,1350
workflowspace,https://www.instagram.com/p/DQqNdu5k0y7/,DQqNdu5k0y7,1,https://instagram.fsgn5-7.fna.fbcdn.net/v/t51.82787-15/573564299_17986336364884245_187063512287776020_n.jpg?stp=dst-jpg_e35_tt6&_nc_cat=104&_nc_map=urlgen_bucketless&ig_cache_key=Mzc1ODg3NjA1NjgyMTY0ODU3MQ%3D%3D.3-ccb7-5&ccb=7-5&_nc_sid=58cdad&efg=eyJ2ZW5jb2RlX3RhZyI6IkZFRUQueHBpZHMuMTQzOS5zZHIucmVndWxhcl9waG90by5DMyJ9&_nc_ohc=ntdRcH9hIOsQ7kNvwF_H9ZW&_nc_oc=Ado3j45sj3O70vsfNe6BGyqbx6DBBSvY0XShBaViOwcZGXWfmKsgi-qLPZHolYl7U2k&_nc_zt=23&_nc_ht=instagram.fsgn5-7.fna&_nc_gid=zRfCjQivQnCMpgs24LZrdA&_nc_ss=7baaf&oh=00_AQNMRR1KF_CoEK3Z4xR46SkO4TYxxy-9KFvyfUFjMMoZ-g&oe=6ABFDC4A,1439,1917
workflowspace,https://www.instagram.com/p/DQoV_s1E0HH/,DQoV_s1E0HH,1,https://instagram.fsgn5-3.fna.fbcdn.net/v/t51.82787-15/573478401_17986148339884245_5549197465107343962_n.jpg?stp=dst-jpg_e35_tt6&_nc_cat=101&_nc_map=urlgen_bucketless&ig_cache_key=Mzc1ODM1MDYyNTQ3OTU0MTE5MQ%3D%3D.3-ccb7-5&ccb=7-5&_nc_sid=58cdad&efg=eyJ2ZW5jb2RlX3RhZyI6IkZFRUQueHBpZHMuMTQzOS5zZHIucmVndWxhcl9waG90by5DMyJ9&_nc_ohc=wfJz25DDhpEQ7kNvwEN6Zdq&_nc_oc=AdqUGLWstPxBgrqlNq7Lj3JGkhPw3kidt--wjLkxqScRmVE7PU5ZVogAaQ_vDzJGTvg&_nc_zt=23&_nc_ht=instagram.fsgn5-3.fna&_nc_gid=zRfCjQivQnCMpgs24LZrdA&_nc_ss=7baaf&oh=00_AQOjuMOgSN8yLMDzUTXCU6XlC6NF-O0diSiGPtBeUTcf1A&oe=6ABFEECF,1439,1917
workflowspace,https://www.instagram.com/p/DQoV8wBE_qP/,DQoV8wBE_qP,1,https://instagram.fsgn5-11.fna.fbcdn.net/v/t51.82787-15/572115364_17986148309884245_6056325245959041889_n.jpg?stp=dst-jpg_e35_tt6&_nc_cat=109&_nc_map=urlgen_bucketless&ig_cache_key=Mzc1ODM1MDQyMjc0MzcxMDM1MQ%3D%3D.3-ccb7-5&ccb=7-5&_nc_sid=58cdad&efg=eyJ2ZW5jb2RlX3RhZyI6IkZFRUQueHBpZHMuMTQzOS5zZHIucmVndWxhcl9waG90by5DMyJ9&_nc_ohc=tyxz2dkuYc4Q7kNvwEtcAvt&_nc_oc=AdoDxS4Sp59gSpj6DbCC0L9A4yQjeA52G_g6jgGwDlq_QGIHgs0J_mEcuevEVFKXPhY&_nc_zt=23&_nc_ht=instagram.fsgn5-11.fna&_nc_gid=zRfCjQivQnCMpgs24LZrdA&_nc_ss=7baaf&oh=00_AQPuqyeSQM0euO6ZOPc0Arm-T3NwZvym0HXuLqh6z1rf7g&oe=6ABFEFF0,1439,1917
workflowspace,https://www.instagram.com/p/DQoV5OTE2d8/,DQoV5OTE2d8,1,https://instagram.fsgn5-21.fna.fbcdn.net/v/t51.82787-15/573243031_17986148171884245_3608530785319246774_n.jpg?stp=dst-jpg_e35_tt6&_nc_cat=109&_nc_map=urlgen_bucketless&ig_cache_key=Mzc1ODM1MDE4MDM4MDAxMDM2NA%3D%3D.3-ccb7-5&ccb=7-5&_nc_sid=58cdad&efg=eyJ2ZW5jb2RlX3RhZyI6IkZFRUQueHBpZHMuMTQzOS5zZHIucmVndWxhcl9waG90by5DMyJ9&_nc_ohc=sBU2dFOPZqgQ7kNvwE67SzZ&_nc_oc=AdouIMXP3s6KcOfqrmz_2z5irNtKw6f76OwtC16kgGFbjK_4QNPmIXP3-1p2KufVIbU&_nc_zt=23&_nc_ht=instagram.fsgn5-21.fna&_nc_gid=zRfCjQivQnCMpgs24LZrdA&_nc_ss=7baaf&oh=00_AQOGDB0I2kepxLXffN_bxkXDnRGZmTHk7vYnYIXB1_eVUQ&oe=6ABFCA87,1439,1917
workflowspace,https://www.instagram.com/p/DQoV2KgE9tu/,DQoV2KgE9tu,1,https://instagram.fsgn5-1.fna.fbcdn.net/v/t51.82787-15/572788281_17986148138884245_9067167940911442090_n.jpg?stp=dst-jpg_e35_tt6&_nc_cat=108&_nc_map=urlgen_bucketless&ig_cache_key=Mzc1ODM0OTk3MDE0NDc0NjM1MA%3D%3D.3-ccb7-5&ccb=7-5&_nc_sid=58cdad&efg=eyJ2ZW5jb2RlX3RhZyI6IkZFRUQueHBpZHMuMTQzOS5zZHIucmVndWxhcl9waG90by5DMyJ9&_nc_ohc=_nnhGk2zCf8Q7kNvwGVb7S_&_nc_oc=Adr_jAvgzRbxgsj3EBtw57bnZnJ4yK2MI9JI6sS0zxCdo8epoy4djP4LObkiRZfkWZ4&_nc_zt=23&_nc_ht=instagram.fsgn5-1.fna&_nc_gid=zRfCjQivQnCMpgs24LZrdA&_nc_ss=7baaf&oh=00_AQNCWpm78r9FdKYb4XWCA0eloqGkR-ISYz3t6s_JA4ISTA&oe=6ABFC889,1439,1917
workflowspace,https://www.instagram.com/p/DQoVzOMk59W/,DQoVzOMk59W,1,https://instagram.fsgn5-1.fna.fbcdn.net/v/t51.82787-15/572921811_17986148111884245_6438183739170222220_n.jpg?stp=dst-jpg_e35_tt6&_nc_cat=108&_nc_map=urlgen_bucketless&ig_cache_key=Mzc1ODM0OTc2Nzk1NDExMjM0Mg%3D%3D.3-ccb7-5&ccb=7-5&_nc_sid=58cdad&efg=eyJ2ZW5jb2RlX3RhZyI6IkZFRUQueHBpZHMuMTQzOS5zZHIucmVndWxhcl9waG90by5DMyJ9&_nc_ohc=dVT3nffv5eUQ7kNvwFmMg1e&_nc_oc=AdqNtZo_otLRNLjVDthpw0mSE-cQPSZE_qouKlu4vc7WW9lY08kmuDLznOPgMKbWOEo&_nc_zt=23&_nc_ht=instagram.fsgn5-1.fna&_nc_gid=zRfCjQivQnCMpgs24LZrdA&_nc_ss=7baaf&oh=00_AQPvAcQQGykCpouUEwq5UwXWWzsDGcF8XJevpOwIpzfuOQ&oe=6ABFD591,1439,1917
workflowspace,https://www.instagram.com/p/DQoVwuqk0L3/,DQoVwuqk0L3,1,https://instagram.fsgn5-5.fna.fbcdn.net/v/t51.82787-15/572799777_17986148087884245_5317412331238708481_n.jpg?stp=dst-jpg_e35_tt6&_nc_cat=111&_nc_map=urlgen_bucketless&ig_cache_key=Mzc1ODM0OTU5NjY1ODcxMzMzNQ%3D%3D.3-ccb7-5&ccb=7-5&_nc_sid=58cdad&efg=eyJ2ZW5jb2RlX3RhZyI6IkZFRUQueHBpZHMuMTQzOS5zZHIucmVndWxhcl9waG90by5DMyJ9&_nc_ohc=3qjncVrBSEIQ7kNvwFUJQz5&_nc_oc=AdoCcr6TUeNWhwqeMlRe3YtZCGz7D4ezD9G7c9vU664WoEULobNcTFfOjD_hab_5QJw&_nc_zt=23&_nc_ht=instagram.fsgn5-5.fna&_nc_gid=zRfCjQivQnCMpgs24LZrdA&_nc_ss=7baaf&oh=00_AQORcSAfRjUPODmkl-fRQjXjPTe1aToXFdbeATcjYQIV0A&oe=6ABFD22A,1439,1917
workflowspace,https://www.instagram.com/p/DQoVs8VE2CS/,DQoVs8VE2CS,1,https://instagram.fsgn5-11.fna.fbcdn.net/v/t51.82787-15/572573596_17986148054884245_6739161196433459265_n.jpg?stp=dst-jpg_e35_tt6&_nc_cat=101&_nc_map=urlgen_bucketless&ig_cache_key=Mzc1ODM0OTMzNjQ1MjQ4OTM2Mg%3D%3D.3-ccb7-5&ccb=7-5&_nc_sid=58cdad&efg=eyJ2ZW5jb2RlX3RhZyI6IkZFRUQueHBpZHMuMTQzOS5zZHIucmVndWxhcl9waG90by5DMyJ9&_nc_ohc=9vRaXDCjrHgQ7kNvwFV6qup&_nc_oc=AdpRVks5-f2WwC-asjOnBMluU2QR5H1LEicQ-ZObQ4jIszCj2voLHGqqYoP6gioUd9E&_nc_zt=23&_nc_ht=instagram.fsgn5-11.fna&_nc_gid=zRfCjQivQnCMpgs24LZrdA&_nc_ss=7baaf&oh=00_AQNPoEhDGC6lf6xl3grhOGkn_hhTsj_DO0vM5_la1oNW7g&oe=6ABFF4BC,1439,1917
workflowspace,https://www.instagram.com/p/DQoVqAGk5E9/,DQoVqAGk5E9,1,https://instagram.fsgn5-21.fna.fbcdn.net/v/t51.82787-15/572672581_17986148003884245_3179971484195586273_n.jpg?stp=dst-jpg_e35_tt6&_nc_cat=109&_nc_map=urlgen_bucketless&ig_cache_key=Mzc1ODM0OTEzNDM0NTc2OTI3Nw%3D%3D.3-ccb7-5&ccb=7-5&_nc_sid=58cdad&efg=eyJ2ZW5jb2RlX3RhZyI6IkZFRUQueHBpZHMuMTQzOS5zZHIucmVndWxhcl9waG90by5DMyJ9&_nc_ohc=XHe8wvVG0-wQ7kNvwEVmFre&_nc_oc=AdqRMXxzfbnMHrDNi71t2-SkIrMrX5dQF1Nf8ExXWQmeqVDCM_qnpV9SI8zP2OnLWr8&_nc_zt=23&_nc_ht=instagram.fsgn5-21.fna&_nc_gid=zRfCjQivQnCMpgs24LZrdA&_nc_ss=7baaf&oh=00_AQM5_ueOi7ous0DSrLcy5KO1kPov-wjm_izRC2RrMyZ_Bw&oe=6ABFDDFB,1439,1917
workflowspace,https://www.instagram.com/p/DQoVhyfk2OV/,DQoVhyfk2OV,1,https://instagram.fsgn5-6.fna.fbcdn.net/v/t51.82787-15/573846946_17986147973884245_7014322684784594565_n.jpg?stp=dst-jpg_e35_tt6&_nc_cat=105&_nc_map=urlgen_bucketless&ig_cache_key=Mzc1ODM0ODU2OTk3Njk4ODU2NQ%3D%3D.3-ccb7-5&ccb=7-5&_nc_sid=58cdad&efg=eyJ2ZW5jb2RlX3RhZyI6IkZFRUQueHBpZHMuMTQzOS5zZHIucmVndWxhcl9waG90by5DMyJ9&_nc_ohc=bsNf1Syjdh4Q7kNvwHtexm7&_nc_oc=AdrKHSTCda6J0n3Sf2Z7tgisreg9naDGh2h9cK_zEixd_ExVdAaIJZMFnv0-2-C0Yk0&_nc_zt=23&_nc_ht=instagram.fsgn5-6.fna&_nc_gid=zRfCjQivQnCMpgs24LZrdA&_nc_ss=7baaf&oh=00_AQM3Np-5oz7bygdEhSqnBxcYfRc3_7B5qm1cpOA9sYo73g&oe=6ABFC3C9,1439,1917
workflowspace,https://www.instagram.com/p/DQoVdykEwwP/,DQoVdykEwwP,1,https://instagram.fsgn5-1.fna.fbcdn.net/v/t51.82787-15/573860184_17986147892884245_1357870075268540224_n.jpg?stp=dst-jpg_e35_tt6&_nc_cat=102&_nc_map=urlgen_bucketless&ig_cache_key=Mzc1ODM0ODI5NTE3NDU1NjY4Nw%3D%3D.3-ccb7-5&ccb=7-5&_nc_sid=58cdad&efg=eyJ2ZW5jb2RlX3RhZyI6IkZFRUQueHBpZHMuMTQzOS5zZHIucmVndWxhcl9waG90by5DMyJ9&_nc_ohc=7Q4P74RXCV0Q7kNvwE9myEe&_nc_oc=AdpPL_m7QaEProrhon9CsZdJP-weQUTpndkp1iN_4Zh0kD6FavkQMOfuY7-VoqahVEo&_nc_zt=23&_nc_ht=instagram.fsgn5-1.fna&_nc_gid=zRfCjQivQnCMpgs24LZrdA&_nc_ss=7baaf&oh=00_AQNtSPT2zWu5iShXszOXRD0s09_Ul1QxdAHj9nNMqV1y-w&oe=6ABFC5D1,1439,1917
workflowspace,https://www.instagram.com/p/DQoVK55kx0e/,DQoVK55kx0e,1,https://instagram.fsgn5-6.fna.fbcdn.net/v/t51.82787-15/573621712_17986147856884245_4495797107349065277_n.jpg?stp=dst-jpg_e35_tt6&_nc_cat=105&_nc_map=urlgen_bucketless&ig_cache_key=Mzc1ODM0Njk5NzM4MTQwNTk4Mg%3D%3D.3-ccb7-5&ccb=7-5&_nc_sid=58cdad&efg=eyJ2ZW5jb2RlX3RhZyI6IkZFRUQueHBpZHMuMTQzOS5zZHIucmVndWxhcl9waG90by5DMyJ9&_nc_ohc=RRAi4A3CgdYQ7kNvwEN0ZQb&_nc_oc=Adp07rZDc4Ow1i_q-DUYU0bSyLlPVCQ6temkePEpFLD6Wxol0ato5xRv2zFHMLROoNA&_nc_zt=23&_nc_ht=instagram.fsgn5-6.fna&_nc_gid=zRfCjQivQnCMpgs24LZrdA&_nc_ss=7baaf&oh=00_AQOaeXSh1WKoMBIESSffUHr6b8izxlwHTeFtyx2ASFtH7A&oe=6ABFEEE1,1439,1917
workflowspace,https://www.instagram.com/p/DQoU3kWk4Ha/,DQoU3kWk4Ha,1,https://instagram.fsgn5-10.fna.fbcdn.net/v/t51.82787-15/574587286_17986147550884245_8507825396337494305_n.jpg?stp=dst-jpg_e35_tt6&_nc_cat=104&_nc_map=urlgen_bucketless&ig_cache_key=Mzc1ODM0NTY2ODU3NTU5MjkyMg%3D%3D.3-ccb7-5&ccb=7-5&_nc_sid=58cdad&efg=eyJ2ZW5jb2RlX3RhZyI6IkZFRUQueHBpZHMuMTQzOS5zZHIucmVndWxhcl9waG90by5DMyJ9&_nc_ohc=DvrrKFmWmMEQ7kNvwH0_Obl&_nc_oc=AdqMSZ-ZFJHG4m5dW6QDhhVGyHOMmlkLLqTo_FrI1o9EWgSCW2aTkpXOa-aXC3Oac6U&_nc_zt=23&_nc_ht=instagram.fsgn5-10.fna&_nc_gid=MpKqCdMowf98jw1zZBV2_A&_nc_ss=7baaf&oh=00_AQMsL1vZ8kBfHGpugy1cJoFzOytykRaoh22y17ly0ZXGpw&oe=6ABFEE44,1439,1917
workflowspace,https://www.instagram.com/p/DQoU0Wzk2j2/,DQoU0Wzk2j2,1,https://instagram.fsgn5-8.fna.fbcdn.net/v/t51.82787-15/572970280_17986147523884245_4800439473541551146_n.jpg?stp=dst-jpg_e35_tt6&_nc_cat=106&_nc_map=urlgen_bucketless&ig_cache_key=Mzc1ODM0NTQ0Nzg3MTMxMDA3MA%3D%3D.3-ccb7-5&ccb=7-5&_nc_sid=58cdad&efg=eyJ2ZW5jb2RlX3RhZyI6IkZFRUQueHBpZHMuMTQzOS5zZHIucmVndWxhcl9waG90by5DMyJ9&_nc_ohc=19g3Y-7hgugQ7kNvwE7gCOr&_nc_oc=AdqGnCr4athqidW--BrTVafRyoCEABSJMLIPEN8Px4noOSwFYYZ8Tw_zr_FodKdXBaE&_nc_zt=23&_nc_ht=instagram.fsgn5-8.fna&_nc_gid=MpKqCdMowf98jw1zZBV2_A&_nc_ss=7baaf&oh=00_AQNw17pkT-BGv1ESS5P14r69BK6ZRHmmOaYYLATWK3y56Q&oe=6ABFD9D0,1439,1917
workflowspace,https://www.instagram.com/p/DQoUrVMEy9s/,DQoUrVMEy9s,1,https://instagram.fsgn5-12.fna.fbcdn.net/v/t51.82787-15/572720142_17986147457884245_254176528061618237_n.jpg?stp=dst-jpg_e35_tt6&_nc_cat=104&_nc_map=urlgen_bucketless&ig_cache_key=Mzc1ODM0NDgyNzY1OTU2Mjg2MA%3D%3D.3-ccb7-5&ccb=7-5&_nc_sid=58cdad&efg=eyJ2ZW5jb2RlX3RhZyI6IkZFRUQueHBpZHMuMTQzOS5zZHIucmVndWxhcl9waG90by5DMyJ9&_nc_ohc=mMZmV6rRS9YQ7kNvwFegVV7&_nc_oc=AdphRDsUo7_N6jAAl3Q08_85AU1oNSsMBvcD5PaFbBZwKZCMX_FEHiglGcWwAdFspGI&_nc_zt=23&_nc_ht=instagram.fsgn5-12.fna&_nc_gid=MpKqCdMowf98jw1zZBV2_A&_nc_ss=7baaf&oh=00_AQPvpEaqcSBXCWfj_3IdQUxo4BCtGEnBkNtdFBUJinKrbg&oe=6ABFC711,1439,1917
workflowspace,https://www.instagram.com/p/DQoMzSmkyyW/,DQoMzSmkyyW,1,https://instagram.fsgn5-11.fna.fbcdn.net/v/t51.82787-15/572935217_17986143713884245_2315770752847631692_n.jpg?stp=dst-jpg_e35_tt6&_nc_cat=100&_nc_map=urlgen_bucketless&ig_cache_key=Mzc1ODMxMDE5MDI2NjY1Nzk0Mg%3D%3D.3-ccb7-5&ccb=7-5&_nc_sid=58cdad&efg=eyJ2ZW5jb2RlX3RhZyI6IkZFRUQueHBpZHMuMTQzOS5zZHIucmVndWxhcl9waG90by5DMyJ9&_nc_ohc=ghCppbLrRo4Q7kNvwHLVfZp&_nc_oc=Adq6pIh3jy18EcqMXaxYi9h1k_Y8TDJF2NxgDu_eiZdhHWj46G5wUe_FtGoj_BBNZPA&_nc_zt=23&_nc_ht=instagram.fsgn5-11.fna&_nc_gid=MpKqCdMowf98jw1zZBV2_A&_nc_ss=7baaf&oh=00_AQPbi9fXl33S7Ts5PW5svJFat8cGWZkTRuHrrn_Mdw6-PA&oe=6ABFE242,1439,1917
workflowspace,https://www.instagram.com/p/DQoMi7ckyA-/,DQoMi7ckyA-,1,https://instagram.fsgn5-2.fna.fbcdn.net/v/t51.82787-15/574783817_17986143533884245_8748088545529686737_n.jpg?stp=dst-jpg_e35_tt6&_nc_cat=103&_nc_map=urlgen_bucketless&ig_cache_key=Mzc1ODMwOTA2NTg5MTE5Mjg5NA%3D%3D.3-ccb7-5&ccb=7-5&_nc_sid=58cdad&efg=eyJ2ZW5jb2RlX3RhZyI6IkZFRUQueHBpZHMuMTQzOS5zZHIucmVndWxhcl9waG90by5DMyJ9&_nc_ohc=4p1avU_vAkUQ7kNvwF2rJSM&_nc_oc=AdqDSS0OU4dvkLZ_diAhUjKDSesVEYcc5X6uycsiqU_P4N-q7ecaf1LsjM30Zfxc6nA&_nc_zt=23&_nc_ht=instagram.fsgn5-2.fna&_nc_gid=MpKqCdMowf98jw1zZBV2_A&_nc_ss=7baaf&oh=00_AQMQZzBLhmGzBuu9zU2H50wj5OtwV3CHD2UTujH0hH6Qyw&oe=6ABFF61E,1439,1917
workflowspace,https://www.instagram.com/p/DQoIK9Sk6qk/,DQoIK9Sk6qk,1,https://instagram.fsgn5-6.fna.fbcdn.net/v/t51.82787-15/573600414_17986140095884245_1802274371073106428_n.jpg?stp=dst-jpg_e35_tt6&_nc_cat=108&_nc_map=urlgen_bucketless&ig_cache_key=Mzc1ODI4OTgyNjQxNzQ1MzczMg%3D%3D.3-ccb7-5&ccb=7-5&_nc_sid=58cdad&efg=eyJ2ZW5jb2RlX3RhZyI6IkZFRUQueHBpZHMuMTQzOS5zZHIucmVndWxhcl9waG90by5DMyJ9&_nc_ohc=lnB7eexDMGAQ7kNvwE65YWa&_nc_oc=Adqrby8Q0QeAmQ--QzCo89rGSWRfST4QWhqHKa278bVvduRLN2Kt-eAetP7K4fD2PYU&_nc_zt=23&_nc_ht=instagram.fsgn5-6.fna&_nc_gid=MpKqCdMowf98jw1zZBV2_A&_nc_ss=7baaf&oh=00_AQOCOhDTZcbeBM4gZtJTgcOqvfbvZbMugwKESNsyCz-Y0w&oe=6ABFE384,1439,1917
workflowspace,https://www.instagram.com/p/DQoC0H6k3kj/,DQoC0H6k3kj,1,https://instagram.fsgn5-11.fna.fbcdn.net/v/t51.82787-15/572800216_17986137968884245_4774513866762313181_n.jpg?stp=dst-jpg_e35_tt6&_nc_cat=111&_nc_map=urlgen_bucketless&ig_cache_key=Mzc1ODI2NjI2NzA0NTQyNzQ5MQ%3D%3D.3-ccb7-5&ccb=7-5&_nc_sid=58cdad&efg=eyJ2ZW5jb2RlX3RhZyI6IkZFRUQueHBpZHMuMTQzOS5zZHIucmVndWxhcl9waG90by5DMyJ9&_nc_ohc=gn2E2pTx3lsQ7kNvwFNKgg0&_nc_oc=Adry9gRK5CqqZ1coNiASDCQ04k3V-kVVzNJNMfZWFoTPhyHA5q0GIEfuluRrpWi261c&_nc_zt=23&_nc_ht=instagram.fsgn5-11.fna&_nc_gid=MpKqCdMowf98jw1zZBV2_A&_nc_ss=7baaf&oh=00_AQNusfa7kwSAcZDqJKm-6flRXXbp7QY1sXYLAMeDT7HG_Q&oe=6ABFF739,1439,1917
workflowspace,https://www.instagram.com/p/DQn6kUsE8VO/,DQn6kUsE8VO,1,https://instagram.fsgn5-11.fna.fbcdn.net/v/t51.82787-15/573662928_17986133690884245_8094875983017303831_n.jpg?stp=dst-jpg_e35_tt6&_nc_cat=111&_nc_map=urlgen_bucketless&ig_cache_key=Mzc1ODIyOTk5Njg3NzEwNDQ2Mg%3D%3D.3-ccb7-5&ccb=7-5&_nc_sid=58cdad&efg=eyJ2ZW5jb2RlX3RhZyI6IkZFRUQueHBpZHMuMTQzOS5zZHIucmVndWxhcl9waG90by5DMyJ9&_nc_ohc=CcjRZ8k3t78Q7kNvwH5aU_U&_nc_oc=Adra0kcTeaarlYlKFTMId2Sohfrmha46N3vAO56JPoihn5WccWp0po5MSmhyrMd13x4&_nc_zt=23&_nc_ht=instagram.fsgn5-11.fna&_nc_gid=MpKqCdMowf98jw1zZBV2_A&_nc_ss=7baaf&oh=00_AQPdynpW0i17vE6HTLi_455Eke9H_DBirWIc8iM_1dhxvA&oe=6ABFCD79,1439,1917
workflowspace,https://www.instagram.com/p/DQlQ5YOksbp/,DQlQ5YOksbp,1,https://instagram.fsgn5-21.fna.fbcdn.net/v/t39.30808-6/574983015_805874898883769_627127499099685769_n.jpg?stp=c0.45.1080.1350a_dst-jpg_e35_tt6&_nc_cat=106&_nc_map=urlgen_bucketless&ig_cache_key=Mzc1NzQ4Mzc3NTg3OTIwMjUzNw%3D%3D.3-ccb7-5&ccb=7-5&_nc_sid=58cdad&efg=eyJ2ZW5jb2RlX3RhZyI6IkZFRUQueHBpZHMuMTA4MC5zZHIucmVndWxhcl9waG90by5DMyJ9&_nc_ohc=7L1CfMvxXXkQ7kNvwGOQ3Bm&_nc_oc=AdoVjDVPJgjfiiMWWB45zXFcBU8LaPwEHIvMHWStzr-4qs0FURJ1Pv2dSxlNjc8hZ28&_nc_zt=23&_nc_ht=instagram.fsgn5-21.fna&_nc_gid=MpKqCdMowf98jw1zZBV2_A&_nc_ss=7baaf&oh=00_AQO4bIOSyud_i6GEgCxTkwpiYoE6T-P498FWp7mVILVUIg&oe=6ABFD179,1080,1350
workflowspace,https://www.instagram.com/p/DQlQpUxEsIi/,DQlQpUxEsIi,1,https://instagram.fsgn5-11.fna.fbcdn.net/v/t39.30808-6/574567599_805871575550768_3473817992361790031_n.jpg?stp=c0.45.1080.1350a_dst-jpg_e35_tt6&_nc_cat=108&_nc_map=urlgen_bucketless&ig_cache_key=Mzc1NzQ4MjY3MjY1MTQyMDE5NA%3D%3D.3-ccb7-5&ccb=7-5&_nc_sid=58cdad&efg=eyJ2ZW5jb2RlX3RhZyI6IkZFRUQueHBpZHMuMTA4MC5zZHIucmVndWxhcl9waG90by5DMyJ9&_nc_ohc=Lw0_NQ_BbqsQ7kNvwH58s32&_nc_oc=AdpJtpjU1d8NiOI224iDDgsrEx8Jn95qyS5dC4YCusDo8TQZ0Xpa0hycnbd19pcyJSc&_nc_zt=23&_nc_ht=instagram.fsgn5-11.fna&_nc_gid=MpKqCdMowf98jw1zZBV2_A&_nc_ss=7baaf&oh=00_AQNewLx7aS3h55ptkUZ9iA-KgYFszmmoaRyS6mouLq-4LQ&oe=6ABFCA13,1080,1350
workflowspace,https://www.instagram.com/p/DQlP-DRkqM2/,DQlP-DRkqM2,1,https://instagram.fsgn5-14.fna.fbcdn.net/v/t39.30808-6/574106069_805855468885712_7859890520164956122_n.jpg?stp=c0.45.1080.1350a_dst-jpg_e35_tt6&_nc_cat=107&_nc_map=urlgen_bucketless&ig_cache_key=Mzc1NzQ3OTY5ODkzMTgxOTMxOA%3D%3D.3-ccb7-5&ccb=7-5&_nc_sid=58cdad&efg=eyJ2ZW5jb2RlX3RhZyI6IkZFRUQueHBpZHMuMTA4MC5zZHIucmVndWxhcl9waG90by5DMyJ9&_nc_ohc=hfp2GpcT4FIQ7kNvwEXNNem&_nc_oc=AdoIKWXwhcNiUH6SH-gHwtAJLj_HZZu-HyG34f77jPnpY2f7dx55HHtEmZdxxG4P7do&_nc_zt=23&_nc_ht=instagram.fsgn5-14.fna&_nc_gid=MpKqCdMowf98jw1zZBV2_A&_nc_ss=7baaf&oh=00_AQMIuM8o4FXTEFrC0o6IwoEO_ecZytVKzxQjWDSqbwaw9A&oe=6ABFEE02,1080,1350
workflowspace,https://www.instagram.com/p/DQlM1cNkv2J/,DQlM1cNkv2J,1,https://instagram.fsgn5-11.fna.fbcdn.net/v/t39.30808-6/574597347_805852725552653_5385436549714829954_n.jpg?stp=c0.45.1080.1350a_dst-jpg_e35_tt6&_nc_cat=101&_nc_map=urlgen_bucketless&ig_cache_key=Mzc1NzQ2NTkxMzA5MzQ1NTI0MQ%3D%3D.3-ccb7-5&ccb=7-5&_nc_sid=58cdad&efg=eyJ2ZW5jb2RlX3RhZyI6IkZFRUQueHBpZHMuMTA4MC5zZHIucmVndWxhcl9waG90by5DMyJ9&_nc_ohc=nP9gHDSYdawQ7kNvwFDGl-b&_nc_oc=AdruWdznM1TlWy7KzYHDIoCwaMed55ZjKcjG86vlB4iUqhrgFAIw21RaCiW_n2xJJxM&_nc_zt=23&_nc_ht=instagram.fsgn5-11.fna&_nc_gid=MpKqCdMowf98jw1zZBV2_A&_nc_ss=7baaf&oh=00_AQN0kJyK5BdJxWxr7N9rDFgpH99EXdtjdAY2ON3Rr8R2eg&oe=6ABFD967,1080,1350
workflowspace,https://www.instagram.com/p/DQlMOOLkpYf/,DQlMOOLkpYf,1,https://instagram.fsgn5-3.fna.fbcdn.net/v/t39.30808-6/574568456_805845248886734_2083054721813049021_n.jpg?stp=c0.45.1080.1350a_dst-jpg_e35_tt6&_nc_cat=103&_nc_map=urlgen_bucketless&ig_cache_key=Mzc1NzQ2MzIxNzk2Nzg5NjA5NQ%3D%3D.3-ccb7-5&ccb=7-5&_nc_sid=58cdad&efg=eyJ2ZW5jb2RlX3RhZyI6IkZFRUQueHBpZHMuMTA4MC5zZHIucmVndWxhcl9waG90by5DMyJ9&_nc_ohc=MBc-MivVOE4Q7kNvwENM_7w&_nc_oc=AdrcHVclJPr6v9JVvwWM-YRXI4hl0EtktPucWICsvDR-ktYti6vLebO2dJD8QKFClzM&_nc_zt=23&_nc_ht=instagram.fsgn5-3.fna&_nc_gid=G0f8JbOYBAW7NJ9opiRP1Q&_nc_ss=7baaf&oh=00_AQMixbzccePGLInomryG_CsBxwUdMFsPHRgvlWRrMfWd1Q&oe=6ABFCD27,1080,1350
workflowspace,https://www.instagram.com/p/DQlK1ankrEk/,DQlK1ankrEk,1,https://instagram.fsgn5-12.fna.fbcdn.net/v/t39.30808-6/574082481_805830312221561_2140831950484205215_n.jpg?stp=c0.45.1080.1350a_dst-jpg_e35_tt6&_nc_cat=102&_nc_map=urlgen_bucketless&ig_cache_key=Mzc1NzQ1NzExNTI4OTEzNzQ0NA%3D%3D.3-ccb7-5&ccb=7-5&_nc_sid=58cdad&efg=eyJ2ZW5jb2RlX3RhZyI6IkZFRUQueHBpZHMuMTA4MC5zZHIucmVndWxhcl9waG90by5DMyJ9&_nc_ohc=8zdzJmx2uI4Q7kNvwGBGws3&_nc_oc=Adp-ZSSro4YwH8BwTOPa_2Nk2BDld9uPLrVDBwD30-WHO2qcM9dyc09M49y1mb91JuU&_nc_zt=23&_nc_ht=instagram.fsgn5-12.fna&_nc_gid=G0f8JbOYBAW7NJ9opiRP1Q&_nc_ss=7baaf&oh=00_AQPz5KlKWoXpfjN_nQE0JFZQ_twX_fIs99fW9dJD9Jsybg&oe=6ABFF76C,1080,1350
workflowspace,https://www.instagram.com/p/DQlHlvjEgIY/,DQlHlvjEgIY,1,https://instagram.fsgn5-8.fna.fbcdn.net/v/t39.30808-6/574266882_805817288889530_6608082928564229231_n.jpg?stp=c0.45.1080.1350a_dst-jpg_e35_tt6&_nc_cat=102&_nc_map=urlgen_bucketless&ig_cache_key=Mzc1NzQ0Mjg0NDExMTAxMjM3Ng%3D%3D.3-ccb7-5&ccb=7-5&_nc_sid=58cdad&efg=eyJ2ZW5jb2RlX3RhZyI6IkZFRUQueHBpZHMuMTA4MC5zZHIucmVndWxhcl9waG90by5DMyJ9&_nc_ohc=h-rwxRM2Z5IQ7kNvwH2sqBg&_nc_oc=AdqLDPFhBragvdJEqEjkJYw0TzCzT2dMJDQdm-N4-vQPBf2Z1iyPqxQTuLVA1YxLRLY&_nc_zt=23&_nc_ht=instagram.fsgn5-8.fna&_nc_gid=G0f8JbOYBAW7NJ9opiRP1Q&_nc_ss=7baaf&oh=00_AQPUHoJrabPCB3A_jG3HklgYRgVgBVTTguS8lZ55BdnvYQ&oe=6ABFF7A4,1080,1350
workflowspace,https://www.instagram.com/p/DQlFA_UksuM/,DQlFA_UksuM,1,https://instagram.fsgn5-3.fna.fbcdn.net/v/t39.30808-6/577321608_805813142223278_5359635910849945538_n.jpg?stp=c0.45.1080.1350a_dst-jpg_e35_tt6&_nc_cat=111&_nc_map=urlgen_bucketless&ig_cache_key=Mzc1NzQzMTUyMjMzNDAwMjA2MA%3D%3D.3-ccb7-5&ccb=7-5&_nc_sid=58cdad&efg=eyJ2ZW5jb2RlX3RhZyI6IkZFRUQueHBpZHMuMTA4MC5zZHIucmVndWxhcl9waG90by5DMyJ9&_nc_ohc=QWLV8MC2tzkQ7kNvwGpQ70t&_nc_oc=AdrOLzVorTo57OUNTcg6xhO3MZF5wPnwf0xdAwINVJNVJ0K-CfctS0b7kjzvVoUsW3c&_nc_zt=23&_nc_ht=instagram.fsgn5-3.fna&_nc_gid=G0f8JbOYBAW7NJ9opiRP1Q&_nc_ss=7baaf&oh=00_AQMvSrfD05xIJhtOJkDVxgtlPZJJA0LjUkDZQWLEmE8wEQ&oe=6ABFC863,1080,1350
workflowspace,https://www.instagram.com/p/DQlEIcWEnx-/,DQlEIcWEnx-,1,https://instagram.fsgn5-7.fna.fbcdn.net/v/t39.30808-6/576588780_805800908891168_6408912429280373397_n.jpg?stp=c0.45.1080.1350a_dst-jpg_e35_tt6&_nc_cat=101&_nc_map=urlgen_bucketless&ig_cache_key=Mzc1NzQyNzYzNjQ4NzQ4NjU5MA%3D%3D.3-ccb7-5&ccb=7-5&_nc_sid=58cdad&efg=eyJ2ZW5jb2RlX3RhZyI6IkZFRUQueHBpZHMuMTA4MC5zZHIucmVndWxhcl9waG90by5DMyJ9&_nc_ohc=5kih2NP_sVAQ7kNvwEiKdnL&_nc_oc=AdogduKyCXq_1cNBBMJQXEpyJxp8Xc3xamq92BysKO_nk9dAS5WW1V_v0Xy9JtPK1t4&_nc_zt=23&_nc_ht=instagram.fsgn5-7.fna&_nc_gid=G0f8JbOYBAW7NJ9opiRP1Q&_nc_ss=7baaf&oh=00_AQMdtOBC5G59DtADsjY7gon34p-k2cGcvqnDjw3maiQqQA&oe=6ABFDEEB,1080,1350
workflowspace,https://www.instagram.com/p/DQeHJAbkqTW/,DQeHJAbkqTW,1,https://instagram.fsgn5-2.fna.fbcdn.net/v/t39.30808-6/574042044_803258105812115_1140806202375073293_n.jpg?stp=c0.45.1080.1350a_dst-jpg_e35_tt6&_nc_cat=107&_nc_map=urlgen_bucketless&ig_cache_key=Mzc1NTQ3MDU0NDUzNzAzNTk5MA%3D%3D.3-ccb7-5&ccb=7-5&_nc_sid=58cdad&efg=eyJ2ZW5jb2RlX3RhZyI6IkZFRUQueHBpZHMuMTA4MC5zZHIucmVndWxhcl9waG90by5DMyJ9&_nc_ohc=WLvzgNriyWIQ7kNvwEv8g6f&_nc_oc=AdpDUso7uv3zQE7bC7vjg94CKPgtxWILw-PQ0XVY_H7-40rKVCcmWe5sjk5Swbt2DMI&_nc_zt=23&_nc_ht=instagram.fsgn5-2.fna&_nc_gid=G0f8JbOYBAW7NJ9opiRP1Q&_nc_ss=7baaf&oh=00_AQMz8SeiFE5Bkxbs2BH2IvQTv4bvm5eC7knTC3UgtTnF_g&oe=6ABFDAA0,1080,1350